"","logFC","AveExpr","t","P.Value","adj.P.Val","B","Gene.Symbol","Platform.ORF"
"2",1.60034765028444,8.79169806025239,7.97645257237758,4.38829158918173e-05,0.026018924779349,2.65305142154613,"pepT","gene:SMU_691"
"5",2.44255167878986,14.4186141527848,7.65015061709023,5.92345201482851e-05,0.026018924779349,1.91869556166598,"6S","gene:EBG00001212958"
"9",2.12531297716261,12.4631892315416,6.49447772330132,0.000186819965754654,0.026018924779349,1.17941870170629,"wapA","gene:SMU_987"
"13",1.31874117130964,5.49461962652349,6.22013200340998,0.000250788619835588,0.026018924779349,0.9951890377584,"mtlA1","gene:SMU_1185"
"15",1.41841511335775,7.0271877971897,6.16715830392425,0.000265738324932012,0.026018924779349,0.930953824425305,"pttB","gene:SMU_2038"
"16",1.50605138628114,9.56380224513075,6.12787774987494,0.000277457841522037,0.026018924779349,0.896855670518311,"ptnA","gene:SMU_1877"
"23",2.3018073329015,14.0953258302076,6.08796363059544,0.000289952519974643,0.026018924779349,0.711127169233913,"tmRNA","gene:EBG00001213027"
"28",1.58471879320468,4.81187576155162,5.80554624693888,0.000398262465168772,0.026018924779349,0.554846411300282,"CRISPR-DR22","gene:EBG00001212962"
"32",2.0648311246672,7.50787533006937,5.74748390997266,0.000425656033881436,0.026018924779349,0.46500219376695,"SpR19_sRNA","gene:EBG00001213013"
"38",1.19199577990294,6.70183083677528,5.44224152544138,0.000608300164655689,0.0286660759920947,0.117411413454928,"bglP","gene:SMU_980"
"48",0.950409020070905,5.8390797152474,5.23714234997378,0.000778729429702176,0.0286660759920947,-0.110027843993705,"feoA","gene:SMU_569"
"49",1.01836796226993,7.14018846088673,5.22564501683765,0.000789722824496166,0.0286660759920947,-0.149341093345652,"cdd","gene:SMU_1122"
"50",1.43693130654578,8.5810305766603,5.22144403190615,0.00079378193078156,0.0286660759920947,-0.15598698854841,"deoC","gene:SMU_1123"
"53",2.09680095020358,15.6041072572724,5.17723156781251,0.000837912844259528,0.0286660759920947,-0.229936112336312,"RNaseP_bact_b","gene:EBG00001212976"
"61",-1.37524189250012,7.21225769287657,-5.10924888436113,0.000911092588086598,0.0286660759920947,-0.284852963703588,"psaB","gene:SMU_1928"
"63",-0.904541419246188,8.49098398575903,-5.08733656548897,0.000936146340416344,0.0286660759920947,-0.313861832436845,"dfrA","gene:SMU_947"
"73",-0.921361939338413,5.68139795089438,-4.95996832594675,0.00109751666363278,0.0294506856048782,-0.44033986858317,"citC","gene:SMU_1010"
"80",1.30749009571537,12.8240850113808,4.79655613676386,0.00135053518123481,0.0313483048538386,-0.591253656912429,"fbaA","gene:SMU_99"
"82",1.23585774286781,11.1720574862446,4.80055500859296,0.00134363449792079,0.0313483048538386,-0.595559731584674,"ptsG","gene:SMU_2047"
"83",2.1834137710646,3.48663398181935,4.79827497809825,0.00134756433366065,0.0313483048538386,-0.598626894440714,"ptcA","gene:SMU_1598"
"85",-0.993208841444703,8.58796768027093,-4.83420957078083,0.00128705625720213,0.0312498951170224,-0.629119118777908,"comD","gene:SMU_1916"
"86",1.50065967618844,5.9284068779966,4.77635590517079,0.00138598859254177,0.0315894224842527,-0.681577218520879,"sgaT","gene:SMU_270"
"90",-1.68522906957318,5.45176209358852,-4.72189252850825,0.00148672415185211,0.0325922972400468,-0.730573830846073,"argD","gene:SMU_666"
"94",-0.92564042870147,8.66983732343305,-4.69267614538187,0.00154402262615851,0.0328382802477821,-0.810466649781328,"trkH","gene:SMU_1709"
"95",-0.989276317420007,5.61059723162317,-4.66215543294366,0.00160645311189072,0.03298229695525,-0.814378466227009,"metB","gene:SMU_1675"
"96",-1.53748299117284,7.920662027843,-4.68250973408224,0.00156452019426838,0.0328382802477821,-0.827967881029529,"topA","gene:SMU_1002"
"100",-1.52755865566136,6.61886765367698,-4.63078299350704,0.0016734958634386,0.0329918340677852,-0.878843744023055,"mvaA","gene:SMU_942"
"105",-1.54213092547468,7.9712657522726,-4.60294718360284,0.00173552972860252,0.0332446616944929,-0.931775131717067,"nrdG","gene:SMU_667"
"106",2.30962458084104,5.93892853274217,4.55274965578949,0.0018538018633684,0.0342097697672682,-0.967334146774087,"celR","gene:SMU_1599"
"107",-1.01436987709223,9.29849532583742,-4.55219474398875,0.0018551572184317,0.0342097697672682,-0.972338941262619,"pyrA","gene:SMU_859"
"108",-0.943516739472205,5.62633234394163,-4.52083403832252,0.00193352981514263,0.0342097697672682,-0.998608906077254,"ftsL","gene:SMU_454"
"109",1.22897809907241,8.58781269636109,4.54264561999195,0.00187864987201095,0.0342097697672682,-1.02261167058127,"upp","gene:SMU_1673"
"113",1.6051914827644,14.5732050211931,4.40727532319353,0.00224878995188806,0.0369738547922928,-1.06507373669915,"gapC","gene:SMU_360"
"123",-1.78204970738592,3.44784824111775,-4.31254819667211,0.00255447456178731,0.0373331726696768,-1.21125163035422,"argB","gene:SMU_665"
"124",0.706503012650705,7.55019926173882,4.39970482499471,0.00227170247786617,0.037041892469669,-1.21516476024706,"proB","gene:SMU_449"
"129",1.74723396070171,11.8977291440355,4.25379213475473,0.00276645950648296,0.0383070469745088,-1.27022241222195,"ptsH","gene:SMU_674"
"130",1.47917069779753,8.42259382749177,4.35358069044967,0.0024168740821078,0.0373331726696768,-1.27722823076236,"acp","gene:SMU_1743"
"142",1.03386859211378,9.30629515712574,4.2570039379446,0.00275439361566794,0.0383070469745088,-1.38344370942229,"rmlA","gene:SMU_1461"
"144",1.40938175291531,4.97085910858046,4.20923930370703,0.00293984981997205,0.0392133663381815,-1.39219858934897,"bglB1","gene:SMU_981"
"151",0.827070945335938,9.97367642346875,4.18678359439863,0.00303165639175437,0.0392133663381815,-1.43859905860644,"gbpA","gene:SMU_2112"
"153",0.75556330605831,8.46779544631226,4.23155350154251,0.00285158583269222,0.0385354715609708,-1.44746427952706,"murF","gene:SMU_603"
"154",0.903362719866178,7.17406106171892,4.20496583779665,0.00295708745939461,0.0392133663381815,-1.47752867489751,"mutT","gene:SMU_814"
"158",0.963156327991034,5.99178544577164,4.16149994401852,0.00313873923668023,0.0392133663381815,-1.50107963376935,"bgl","gene:SMU_1601"
"159",0.726223308110004,8.61265360671928,4.18921811731357,0.00302155539755408,0.0392133663381815,-1.50363444214472,"opuCd","gene:SMU_2119"
"162",1.5354741687014,9.3757796103222,4.14651785897447,0.0032041106781358,0.0392133663381815,-1.52721767623612,"malX","gene:SMU_1568"
"164",1.28884388593025,10.4830673645175,4.08106010244689,0.00350742603394569,0.0402334393312491,-1.5505188393788,"ccpA","gene:SMU_1591"
"167",1.00129077705856,6.12392952270972,4.11996863339601,0.00332358435779752,0.0394010375110021,-1.56328855194291,"bcc","gene:SMU_1016"
"168",1.82721655864239,6.04016941829894,4.11316248898039,0.00335497937245228,0.0394010375110021,-1.56586380421159,"ptcC","gene:SMU_1596"
"170",1.06790780421662,8.42523964807688,4.14143465583226,0.00322662237714046,0.0392133663381815,-1.57198339711029,"scrR","gene:SMU_1844"
"172",-1.00911053429773,8.13236721586812,-4.12690262575661,0.00329192472994402,0.0393634393465427,-1.58305954190947,"wapE","gene:SMU_1091"
"176",-1.30817101588538,3.04977529364467,-4.0075084511162,0.00388554227390884,0.041663994056642,-1.6057589625396,"arcC","gene:SMU_265"
"180",1.42221026590051,11.859409115886,3.94140931804491,0.00426286291073808,0.0431563911038999,-1.68431139011089,"pgm","gene:SMU_1077"
"181",-0.898119944596249,7.93939356342293,-4.05283064785831,0.00364764942225249,0.0404254387817634,-1.68989790217543,"recJ","gene:SMU_1472"
"188",0.857599874723499,8.79428391233073,4.02115435302952,0.00381220789656851,0.041663994056642,-1.73355596214678,"bglA","gene:SMU_985"
"191",0.890429349626778,8.99213812835729,4.00877585851889,0.00387866766003519,0.041663994056642,-1.74358050994875,"scrA","gene:SMU_1841"
"195",-1.47565469047616,4.2692230196621,-3.91826621858551,0.00440411669869906,0.0433946600280088,-1.76566832930976,"argJ","gene:SMU_664"
"203",1.02307567519811,6.98213615252394,3.93105379886211,0.00432545753113782,0.0431563911038999,-1.85690418072288,"treA","gene:SMU_2037"
"212",-1.52982477521529,8.14834725109061,-3.88554898504228,0.00461243532960397,0.0441180023555567,-1.91392272992399,"comE","gene:SMU_1917"
"216",-0.710303533522439,7.53526227778238,-3.87919036523581,0.00465413471443968,0.0441180023555567,-1.93515372897895,"greA","gene:SMU_1728"
"217",-1.33840765408556,6.67352007432033,-3.85752308508405,0.00479928763711201,0.0441739980471054,-1.93880512402184,"dinF","gene:SMU_121"
"219",1.18009262378532,8.68188876763118,3.86538891367906,0.00474604005481171,0.0441180023555567,-1.95639196010947,"scrB","gene:SMU_1843"
"220",0.793229696494842,6.4284013736683,3.84602221534978,0.00487829739240903,0.0441739980471054,-1.9596676088189,"rimM","gene:SMU_867"
"223",-0.837161460282022,4.63680543753738,-3.78215305556247,0.00534317117735452,0.0454399859177606,-1.96768264066067,"lspA","gene:SMU_853"
"224",1.30608560432514,11.3442925037584,3.74126650991602,0.00566547965323758,0.0465178378910633,-1.97663385557257,"oppA","gene:SMU_255"
"226",-0.835887562211729,2.62201111354936,-3.72521725696668,0.00579761790094478,0.0465178378910633,-1.98014187773964,"mutG","gene:SMU_657"
"228",1.03715456375509,10.3632396953977,3.77079178748391,0.00543071805311178,0.0458688682501763,-1.98847534924784,"dnaE","gene:SMU_1192"
"230",-1.43517299166836,0.607057279286059,-3.6669830481677,0.00630538932254519,0.048786404444634,-1.99563271823276,"Spd-sr37","gene:EBG00001213037"
"233",1.53442638047764,9.72390264766006,3.79380945571666,0.00525491622571795,0.0454399859177606,-2.00020127663853,"apbE","gene:SMU_1088"
"236",0.96150651262937,8.67453120970634,3.83346095031844,0.00496618595292465,0.0447410268726956,-2.00357834667297,"uvrB","gene:SMU_809"
"238",1.2482116184377,7.51367029122492,3.80844457175676,0.00514630963025126,0.0453285471825348,-2.04033511324691,"pgsA","gene:SMU_2151"
"243",2.41390687385737,3.55411391710702,3.6920536929302,0.00608120039451868,0.0476119380094657,-2.05587081941296,"ptcB","gene:SMU_1600"
"244",0.946572510538758,8.95884923192022,3.78601931166775,0.00531372393086421,0.0454399859177606,-2.06205725815195,"malQ","gene:SMU_1565"
"248",2.04834346852681,9.98529750152036,3.72667548290103,0.00578547706568731,0.0465178378910633,-2.07282282672984,"glgB","gene:SMU_1539"
"254",-0.929039832358663,8.03705743814196,-3.72777555968109,0.00577633605641224,0.0465178378910633,-2.15258657182687,"pcrA","gene:SMU_1174"
"255",-0.824950283298959,7.94500945279885,-3.72397973852217,0.00580794251544875,0.0465178378910633,-2.16021382028588,"cysD","gene:SMU_1173"
"256",-1.23238806135009,7.12968575523666,-3.71343314446008,0.00589673326940404,0.0469123175021539,-2.16028484349398,"gid","gene:SMU_1003"
"257",-0.76890108281866,9.72582208715487,-3.64685587537995,0.00649174629886518,0.0496442459211667,-2.20331757006118,"dltD","gene:SMU_1688"
"261",1.18670072805471,14.4015651632557,3.4795937452069,0.00828714247302131,0.0545017736642368,-2.24526309714266,"dpr","gene:SMU_540"
"268",0.786400554638213,10.1741294815198,3.57165593652522,0.00724162724050108,0.0506772323132128,-2.28736087084703,"gyrA","gene:SMU_1114"
"275",0.700591530673847,8.25770410286226,3.62620965085594,0.00668901958607255,0.0501791089549674,-2.31059031777251,"feoB","gene:SMU_570"
"276",0.712985140270778,6.064234637753,3.59120800095962,0.00703818476339587,0.0506772323132128,-2.3131019703332,"aldR","gene:SMU_1308"
"277",-1.31796039837266,6.79824041634571,-3.59740094230329,0.00697502083240061,0.0506772323132128,-2.31855710339773,"nusG","gene:SMU_1947"
"278",0.593630537668325,9.10302984620845,3.59760796862797,0.00697291974538967,0.0506772323132128,-2.32905580395357,"aroC","gene:SMU_780"
"279",-0.834233869650742,8.82587397245647,-3.58831256967666,0.00706792475357986,0.0506772323132128,-2.33604187299991,"pyrB","gene:SMU_858"
"283",1.09159275883337,7.61978255286864,3.58890511589899,0.0070618276424514,0.0506772323132128,-2.36095476428755,"mleR","gene:SMU_135"
"287",0.739503080876561,8.83179084503461,3.57109032102452,0.00724760483029241,0.0506772323132128,-2.38036796397721,"pepX","gene:SMU_395"
"289",0.85156859248218,7.44198402619429,3.56907374491895,0.00726895932318258,0.0506772323132128,-2.38858368680042,"adcC","gene:SMU_1994"
"290",-0.976291189280676,12.9099981380363,-3.39940948937286,0.00932843172616701,0.0561127920601449,-2.39421585052199,"spaP","gene:SMU_610"
"292",-1.48215191839428,7.01390041944776,-3.54439562810025,0.0075357735217815,0.0514466476071796,-2.4009528469903,"pyrK","gene:SMU_1224"
"300",-0.640258216666534,4.90803001245976,-3.4633372620752,0.00848784175179939,0.0549619431432348,-2.43644068288068,"citG","gene:SMU_1011"
"308",-1.31449881513568,5.69784531416753,-3.44294504507819,0.00874691047975603,0.0554908500853976,-2.50033205774381,"tgt","gene:SMU_300"
"309",-1.19812245909787,10.0491342709982,-3.42252280747508,0.00901476917972388,0.0559312565773434,-2.50384158709956,"rpoA","gene:SMU_2001"
"318",-0.547178360673756,7.59188560360048,-3.46339069454853,0.00848717370966694,0.0549619431432348,-2.54323646575036,"rgpC","gene:SMU_827"
"320",0.580995785393077,8.64090922978805,3.4548343106868,0.00859486360938927,0.0552366967469871,-2.55803160977022,"proA","gene:SMU_450"
"321",-0.701430445520242,8.03506652418679,-3.4521971215359,0.00862834619812785,0.0552718410678774,-2.55963186941269,"livG","gene:SMU_1666"
"322",-0.819818380110866,8.30032661789613,-3.44763510413397,0.00868659371506874,0.0554648847890959,-2.56005735621347,"htpX","gene:SMU_1929"
"323",-0.649946866490376,9.03536437173408,-3.43050073068994,0.00890911112022453,0.055752082501374,-2.56323025159862,"pbp2x","gene:SMU_455"
"324",-0.679147584234855,6.71011438787364,-3.43239110786434,0.00888426796576374,0.055752082501374,-2.56620147253987,"hemK","gene:SMU_1084"
"327",0.777352590937369,7.86143626736405,3.4289628838682,0.0089293756058967,0.055752082501374,-2.59940031928016,"adcA","gene:SMU_1302"
"329",-0.748315164930144,8.25503191748578,-3.41541635662448,0.0091100027499208,0.056082652481028,-2.61000343216475,"livM","gene:SMU_1667"
"340",-0.799609171823703,8.27316432742319,-3.35660551390326,0.00994018244105205,0.0588948347032904,-2.69647264069252,"livH","gene:SMU_1668"
"346",1.74437349273306,1.44554558381594,3.16670732373906,0.0132111058270856,0.0669750350343151,-2.7215430320892,"lacA","gene:SMU_1496"
"347",0.521939641585952,8.33274478775417,3.34472747504419,0.0101173538257317,0.05958668387513,-2.72685340826823,"recM","gene:SMU_598"
"348",-0.944498072485502,5.51499148048325,-3.28280265234942,0.0110965658921645,0.062197512798979,-2.73061642541792,"citZ","gene:SMU_671"
"349",0.679422488906324,8.70500403487349,3.33258256346548,0.0103019568572017,0.060112259584822,-2.7384638531479,"ung","gene:SMU_1215"
"351",0.949361678439644,9.58066692891966,3.2931005083672,0.0109270400554271,0.0616938150384419,-2.74552483867873,"prs","gene:SMU_23"
"353",-0.717509148927761,6.75276020744197,-3.30505056011046,0.010733730923607,0.0611586250033122,-2.75646819344673,"comEB","gene:SMU_1849"
"354",0.79384567293674,10.0607552813416,3.25392732422932,0.0115868581680952,0.063771208970663,-2.76215387365613,"ackA","gene:SMU_1978"
"357",-0.724177609832759,7.77952359541367,-3.30834025591512,0.0106811506452907,0.0610837977482854,-2.77473931492099,"pepP","gene:SMU_1850"
"358",-0.892337770764391,7.89764056984021,-3.30364805368054,0.0107562305505065,0.0611586250033122,-2.77990890790261,"queA","gene:SMU_634"
"359",-0.6325657028331,10.7342866933252,-3.2038523140247,0.0124919204574438,0.0657241575000975,-2.78209733538953,"opuAb","gene:SMU_1062"
"364",-0.668086130661308,9.14572166095458,-3.25296530246521,0.01160358034489,0.063771208970663,-2.82115308814201,"covS","gene:SMU_1516"
"366",-0.586581787957041,9.92676814063997,-3.21285939877063,0.0123238008840544,0.0653625245812883,-2.82789735295099,"clpX","gene:SMU_949"
"372",-0.88652930530893,5.99350344004868,-3.21660177025864,0.0122546492051669,0.0651709511638662,-2.8536641089146,"hsdS","gene:SMU_892"
"376",0.838008903621343,10.9748793098971,3.13667394336786,0.0138243201605698,0.0683593575859756,-2.86218531495725,"ppaC","gene:SMU_1687"
"389",0.624642526334586,5.94458976145139,3.17972813436354,0.0129541780755879,0.066248216479286,-2.91606106104438,"trpA","gene:SMU_538"
"391",-1.27455482477011,7.66895977017212,-3.2040056554323,0.0124890382276994,0.0657241575000975,-2.92210626870579,"rl22","gene:SMU_2022"
"396",0.738707248051443,7.27984969543095,3.19995507764473,0.0125654085634676,0.0657600824820201,-2.93699288541328,"oadB","gene:SMU_1017"
"398",-0.878454882642576,8.30140923934406,-3.18806686669079,0.0127923962981529,0.066248216479286,-2.94716707964623,"pyrE","gene:SMU_1221"
"400",0.816367569050222,9.92784742067083,3.12947573849616,0.0139756766377503,0.0687631172226467,-2.95957543711394,"glgP","gene:SMU_1564"
"406",-0.826941222658659,7.06027617274019,-3.1636201745279,0.01327280217862,0.0669750350343151,-2.97625142339421,"fol","gene:SMU_839"
"412",1.01867062696244,9.27570751621737,3.13483791220524,0.0138627624702927,0.068378075884719,-3.0056596893535,"recU","gene:SMU_469"
"413",-1.05405890234878,9.29264595313384,-3.11639568710745,0.0142551696850462,0.0689349259524415,-3.00723121775481,"rs13","gene:SMU_2003"
"419",-1.14645262709843,7.22203637544366,-3.1188873898173,0.0142014794583029,0.0688440269563433,-3.04488289915622,"rs17","gene:SMU_2018"
"420",1.4633092129995,3.92046694113424,3.01083143626391,0.0167363775601628,0.0759100527039106,-3.05448114607887,"lacC","gene:SMU_1494"
"421",-0.670137254894319,6.2659531724702,-3.09187414076705,0.0147950240119673,0.0706793762121344,-3.0571312779824,"fic","gene:SMU_1207"
"424",0.682125724089421,8.99063424834098,3.10896101825036,0.014416635528854,0.0695452858152295,-3.06313927199529,"pfkB","gene:SMU_871"
"425",-0.940043133721161,9.06850074775769,-3.08380406327472,0.0149773336144907,0.0712054920997352,-3.07221733917019,"if1","gene:SMU_2004"
"426",-0.624805920535612,5.96987975578697,-3.07085668991503,0.0152747477447868,0.0717549459534868,-3.07348386694757,"dfp","gene:SMU_1075"
"427",0.942515363469402,3.55520668373926,2.98511264145272,0.0174065910438347,0.0767206132506339,-3.077228744125,"tracrRNA","gene:EBG00001213041"
"429",-0.960183504344261,10.1458236627191,-3.02398285616382,0.0164041062977834,0.0750328978555808,-3.09005040181022,"lplA","gene:SMU_131"
"432",-0.601820658480674,7.823596078414,-3.09811305380907,0.0146556732341412,0.0703543632383469,-3.09305293307179,"opuBa","gene:SMU_1096"
"433",1.48007558772106,11.4200579204363,2.96193773607511,0.0180344499296159,0.0775577964587231,-3.09335959543605,"pflA","gene:SMU_1692"
"434",-0.778370693052873,10.8609005000943,-2.98004672151686,0.0175418678254507,0.0767923559741052,-3.10453953658034,"ftsH","gene:SMU_15"
"436",0.987810490147879,6.59915549455192,3.06707874557306,0.0153626892621878,0.0719966411265952,-3.11559579607276,"msmR","gene:SMU_876"
"437",-1.10436383963596,6.20414229389124,-3.04659732749963,0.0158487406239739,0.0735754476496484,-3.11713160186688,"rl29","gene:SMU_2019"
"441",-0.596216694570514,7.03619610687969,-3.04813353510549,0.0158117333543863,0.0735754476496484,-3.1523801877022,"nusB","gene:SMU_1845"
"444",1.41039836959864,4.09624730503603,2.93402917890698,0.0188219369742492,0.0778525820758779,-3.17642124897063,"lacD","gene:SMU_1493"
"445",-0.891636079828728,7.86601248338585,-3.03981162181167,0.0160132932933281,0.0739911654982116,-3.17812750711197,"truA","gene:SMU_84"
"446",-0.539449790788134,6.83367698219973,-3.02618670608021,0.0163491022702291,0.0750328978555808,-3.18063984075487,"potD","gene:SMU_976"
"448",-0.987435827506282,0.322857939071305,-2.79314315216882,0.0233782173148524,0.0897377874751046,-3.18766079557187,"SMU_t38","gene:SMU_t38"
"449",1.53257511565038,10.0510640945705,2.96458475668812,0.0179615597479859,0.077545202150495,-3.19194105780155,"glgC","gene:SMU_1538"
"454",-1.2103497139909,8.25316273725035,-3.00367514111807,0.0169201215974033,0.0760014317271803,-3.22137249153198,"rs3","gene:SMU_2021"
"457",0.648832584116628,9.75020510842455,2.95856591937399,0.0181277443185308,0.0775577964587231,-3.23321978549512,"manA","gene:SMU_1839"
"460",0.937307654401861,8.5627662146103,2.99848114253164,0.0170547975047877,0.0760014317271803,-3.24634034111625,"lytR","gene:SMU_576"
"461",-1.05281914222671,2.81953807089283,-2.84465889034745,0.0215925470984772,0.0853749407320551,-3.2506985636801,"otcA","gene:SMU_262"
"462",-1.07523204723278,7.83453703739563,-2.98750594835125,0.0173430599963037,0.0767206132506339,-3.25445618121209,"rl24","gene:SMU_2016"
"464",0.566271970725013,8.02448489186459,2.99384880521213,0.01717585205352,0.0763242254540428,-3.25650269647237,"pepQ","gene:SMU_1592"
"465",-0.837463943563558,7.98056572660136,-2.98005437072796,0.0175416627434216,0.0767923559741052,-3.26911580224678,"pyrF","gene:SMU_1222"
"475",-0.513066181870427,8.12942732845744,-2.9535840307704,0.0182665070261357,0.0775577964587231,-3.31144553991091,"pyrD","gene:SMU_595"
"476",0.503625622996244,9.16768103821504,2.93718631870194,0.0187310882353279,0.0778525820758779,-3.31296111074585,"rmlB","gene:SMU_1457"
"477",-0.571137626210188,8.82133914416217,-2.93911579396927,0.0186757906879697,0.0778525820758779,-3.31367075111622,"rpoD","gene:SMU_822"
"479",0.497780492347698,7.04242762764042,2.94444423388989,0.0185239600834177,0.0778525820758779,-3.31878124973153,"trmD","gene:SMU_868"
"480",-0.509301116832876,8.71518052361825,-2.93535174290482,0.0187838237642497,0.0778525820758779,-3.3251487190058,"covX","gene:SMU_1515"
"483",-0.722907098141649,7.73680795526524,-2.94055901510638,0.0186345397581206,0.0778525820758779,-3.33078243832838,"gidA","gene:SMU_2141"
"486",-0.594381088915187,7.81035962101875,-2.93546392366222,0.0187805946664437,0.0778525820758779,-3.34036805955126,"mraY","gene:SMU_456"
"489",0.509408933383006,7.32736754314091,2.92537747088473,0.0190732481409121,0.0783989970458741,-3.35423538766521,"birA","gene:SMU_1578"
"491",1.56562412731444,9.95163998004928,2.85970168956629,0.0210981700008089,0.0840202928011155,-3.35881096998169,"clpB","gene:SMU_1425"
"492",0.800187296467725,5.01483974279386,2.84600277091323,0.0215478974562197,0.0853694812873925,-3.35979303486237,"lacR","gene:SMU_1498"
"495",0.60471713273523,9.60556974489676,2.8670298258347,0.0208615899087788,0.0833196698178553,-3.38513435930124,"pyrC","gene:SMU_1214"
"496",-0.630393757891236,8.2740518358247,-2.89432461976163,0.0200043102664133,0.0810175035554605,-3.39759549403081,"livF","gene:SMU_1665"
"497",1.68400290707504,10.5767056865628,2.79567925730878,0.0232868382034596,0.0895612705173994,-3.40024030798722,"adhE","gene:SMU_148"
"499",-0.803247247271917,8.65834437554567,-2.87514918535705,0.0206026705089705,0.0826667662613149,-3.41203901507338,"ftsW","gene:SMU_713"
"504",-0.96634985156671,9.48040034961289,-2.83447214987258,0.0219341214785504,0.0860358283840556,-3.42299555558437,"rl3","gene:SMU_2025"
"505",-0.862622162026626,7.66935767641061,-2.87478167834344,0.0206143177904546,0.0826667662613149,-3.42853628080131,"thiI","gene:SMU_842"
"507",-0.618863471753074,8.25538687086687,-2.86721544609291,0.0208556331644095,0.0833196698178553,-3.43971863882681,"mutY","gene:SMU_1865"
"512",0.619864659979148,9.30696972846452,2.83469870932369,0.0219264642365179,0.0860358283840556,-3.45932978926965,"pckA","gene:SMU_1389"
"516",-1.15470286065987,7.92989864091112,-2.83952032677742,0.0217641569554725,0.0858813633462946,-3.47826466450167,"rl16","gene:SMU_2020"
"521",-1.40346316862585,-2.34699613250773,-2.4879875011529,0.0375585403628696,0.117490335550836,-3.49323725496635,"SSRC34","gene:EBG00001213025"
"528",0.88778486469904,6.21781235118519,2.78312610080164,0.0237427740656821,0.0905119705329433,-3.52956962400599,"dagK","gene:SMU_1618"
"529",-0.80245883013857,1.66236480398672,-2.61205546739724,0.0309557952815949,0.104624430669597,-3.53090373124484,"mutE2","gene:SMU_656"
"533",0.657727011345228,9.34000476582051,2.77650523848984,0.0239869432670471,0.0910119982036231,-3.54545012249889,"dnlJ","gene:SMU_1543"
"535",-1.07994734795569,8.46286422155428,-2.78510195330907,0.0236704044654141,0.0905071860663994,-3.5497489754966,"rs11","gene:SMU_2002"
"536",-0.798905072761961,11.5304418625158,-2.64548174384542,0.0293880659146026,0.101545803939599,-3.55473435050209,"rpoC","gene:SMU_1989"
"539",0.847995111836427,8.64972311365969,2.79030043474325,0.0234810837348192,0.0899576275898995,-3.56208670463087,"agaL","gene:SMU_877"
"542",-0.501322959314168,8.14763373126381,-2.78211955719539,0.0237797284075738,0.0905119705329433,-3.57303210366463,"rgpG","gene:SMU_246"
"543",0.502164211681392,5.84734147235525,2.73978373691588,0.0253889274053238,0.0939819020088251,-3.57529465989437,"acpP","gene:SMU_27"
"546",-0.597027089803948,3.92972588735072,-2.6558678398324,0.0289176581489349,0.100803073370757,-3.5854302901758,"rl33","gene:SMU_1610"
"547",-0.625885612317176,6.25161050973002,-2.73041417632624,0.0257599652791537,0.0949988999920941,-3.60494633219601,"kitH","gene:SMU_1086"
"549",-1.009565615946,7.06806773417995,-2.74443310986251,0.0252068548685189,0.0937886443920528,-3.61154579061873,"pyrDB","gene:SMU_1223"
"556",0.625348719008066,8.32303538197405,2.75131937212316,0.0249396484128713,0.0935302906375352,-3.62774673143648,"dacA","gene:SMU_253"
"562",-0.983440419818361,11.1254883557648,-2.60109628619836,0.0314881735427926,0.105403412165048,-3.65009906937313,"rpoB","gene:SMU_1990"
"563",0.443746931888348,6.76227970126723,2.71889714397718,0.0262236905137142,0.0951565817955829,-3.65208272595689,"mtlD","gene:SMU_1182"
"565",-0.468835496848546,6.57896835372453,-2.70662778953136,0.0267271478807335,0.0958083816828318,-3.65892466058389,"leuD","gene:SMU_1381"
"569",-0.52145281935572,6.53606034575151,-2.69466007295253,0.0272277885514896,0.0966056576314318,-3.6748333152975,"folA","gene:SMU_970"
"571",0.802523152705688,6.68378317381551,2.69310636336586,0.0272934861266452,0.0966056576314318,-3.6884984837343,"galK","gene:SMU_886"
"579",-1.09510402165235,8.23607124252084,-2.68356868655279,0.0277003575953854,0.0972469849389598,-3.71251062702482,"murZ","gene:SMU_1572"
"582",0.489019271177635,5.11545334281897,2.60945998419549,0.0310810437431833,0.104774274174162,-3.72310874052345,"aroK","gene:SMU_785"
"585",-0.735364513972488,7.40513789383844,-2.66508515266514,0.0285066415722193,0.099899829168719,-3.7449880828851,"dedA","gene:SMU_1918"
"589",-0.590892979471999,8.30777298634906,-2.64831391305984,0.0292590201793553,0.101455266808204,-3.77318233424083,"parC","gene:SMU_1204"
"591",-0.582644046898164,9.28312005768573,-2.61646653611877,0.030744113673667,0.104223601852483,-3.77778497214341,"hlyX","gene:SMU_1693"
"595",1.42914628479921,9.86931034504421,2.57781543570918,0.0326503130513025,0.106494321486066,-3.79395812599806,"glgD","gene:SMU_1537"
"598",-0.628740620593931,5.93154115671649,-2.58785991090758,0.0321436419044894,0.106204046610903,-3.80305818477532,"idh","gene:SMU_672"
"601",-0.676853014563354,7.38567264754782,-2.61957772348572,0.0305957008206595,0.103930566659403,-3.81459631514475,"glyA","gene:SMU_1082"
"602",-0.603048192251377,9.78896663727122,-2.55870791244858,0.0336367114264173,0.10832353624849,-3.82413822134673,"pyrG","gene:SMU_97"
"604",0.440359321689142,8.10597608263883,2.61938239369212,0.03060499707507,0.103930566659403,-3.82908698935087,"proC","gene:SMU_1974"
"605",1.70177171191422,9.82384680324775,2.55392752141742,0.0338881992104043,0.108894816029524,-3.83137371423524,"grpE","gene:SMU_81"
"609",0.96018836243312,15.3098461785465,2.31235791522176,0.0494162647710629,0.134295165831001,-3.84218625352211,"pfl","gene:SMU_402"
"613",-0.559270268718558,8.50933757509927,-2.58569001492507,0.0322524149669641,0.106204046610903,-3.86416354295434,"atpE","gene:SMU_1531"
"619",0.637134974549427,9.881740571133,2.51887839924719,0.0357913875300362,0.113531201924054,-3.88573647931636,"pulA","gene:SMU_1541"
"621",0.53282121115695,10.386269199908,2.47948072121802,0.0380605205560795,0.117886039336177,-3.89193497820834,"tkt","gene:SMU_291"
"623",-0.448518986454795,7.30047202570394,-2.55834926328996,0.0336555132895715,0.10832353624849,-3.90798630658176,"lmrB","gene:SMU_745"
"626",-0.658059824374417,10.9266656976644,-2.43681531635478,0.0406823715668167,0.12170757703504,-3.90932473354688,"pyrAB","gene:SMU_860"
"629",0.574403893090526,10.5954507387435,2.44897223720034,0.0399172590237089,0.121008937843891,-3.91685600690145,"clpC","gene:SMU_2029"
"630",-0.570977162156591,10.0345078276186,-2.48204893821246,0.0379082603457349,0.117886039336177,-3.91831056175786,"pepN","gene:SMU_1132"
"636",-0.73622312708482,10.9826946547204,-2.41312337610961,0.0422162037195132,0.123821430637616,-3.94018111851748,"rl19","gene:SMU_1288"
"641",-0.900899695307517,8.55618803295728,-2.52099066005688,0.0356736766068295,0.113522845073024,-3.95308941617439,"rl17","gene:SMU_2000"
"643",-0.536727461950185,4.89574923901398,-2.43804906002387,0.0406040544443212,0.12170757703504,-3.965291249749,"glrA","gene:SMU_1035"
"650",0.603524215441906,10.1308429929549,2.44390978303033,0.0402340918528092,0.121008937843891,-3.97221838455323,"trxA","gene:SMU_1869"
"651",0.488733698504275,9.770237867505,2.465961059943,0.0388723087369554,0.119649087578803,-3.97688382032178,"pbpX","gene:SMU_889"
"653",0.79030620356458,7.95801183186725,2.51626459272238,0.0359375938557071,0.113629603649535,-3.98570006338588,"msmE","gene:SMU_878"
"657",1.7835569156416,-3.16974008433971,2.0712213674281,0.0719914251094819,0.168692496129463,-4.00295330579323,"CRISPR-DR22","gene:EBG00001213043"
"661",-1.00708378283909,9.95578248474766,-2.42147280954712,0.0416691186339937,0.123258127533537,-4.01067715813688,"rl1","gene:SMU_1626"
"675",-0.540515935880978,6.6246464520349,-2.4442058692369,0.0402154916782107,0.121008937843891,-4.05923506720731,"ylmG","gene:SMU_555"
"677",0.670762785033897,9.84112241488673,2.40561948003269,0.0427140527700678,0.124666902537491,-4.06072021721847,"ptnC","gene:SMU_1878"
"679",1.15104263400677,5.80222317917749,2.41636075316718,0.0420032258000857,0.123821430637616,-4.06161296148728,"asd","gene:EBG00001213030"
"680",-0.790040126270647,11.2388567376207,-2.31678302845786,0.0490756694569747,0.133553511501532,-4.06223116952858,"adhD","gene:SMU_130"
"681",0.490446678118643,8.20346135002212,2.46324977615136,0.0390372029371327,0.119956982059626,-4.06775731473323,"budC","gene:SMU_1322"
"691",0.829294003024565,7.52546321030858,2.447185445446,0.0400287965717175,0.121008937843891,-4.08623768035246,"malF","gene:SMU_1569"
"692",-0.490356841805532,10.2775518723765,-2.35273196242956,0.0463942927845381,0.130765628091277,-4.09048390327938,"opuAa","gene:SMU_1063"
"693",1.80887098712738,9.02669465076326,2.42305879505069,0.0415660088135444,0.123258127533537,-4.09202888452391,"pdhD","gene:SMU_1424"
"695",-0.856629147729572,6.05207805466675,-2.39831327579483,0.043204460508834,0.1251352766809,-4.09463459961692,"cah","gene:SMU_1595"
"696",-0.836040789711701,10.2040391584246,-2.34895721052481,0.0466688141525618,0.131055305469736,-4.10071191138422,"rl11","gene:SMU_1627"
"700",1.29542415166664,11.0038195499663,2.28667467837962,0.0514401627061545,0.138075165573001,-4.12288335344488,"glgA","gene:SMU_1536"
"701",0.451974867332484,7.1748428036141,2.41891220548001,0.0418361354208043,0.12356690895995,-4.12396940339467,"era","gene:SMU_1617"
"704",1.38076235953498,2.53557912268273,2.24044655703314,0.0552932250066626,0.143167366060558,-4.13321996381325,"lacF","gene:SMU_1492"
"709",0.82072496146516,7.10071917437174,2.39994935650798,0.0430941536200275,0.1251352766809,-4.15099370593176,"sloR","gene:SMU_186"
"711",0.506558173720981,11.4004104226318,2.24386799356089,0.0549984796992441,0.142778947956064,-4.15554954512981,"pknB","gene:SMU_484"
"713",-0.585618600058289,6.94501075435092,-2.38449424934653,0.0441475535590854,0.126972482758127,-4.16004364062039,"rf1","gene:SMU_1085"
"714",-0.541564307065992,5.48923604582409,-2.33110445353891,0.0479893641821115,0.132818253438419,-4.16413386501061,"pth","gene:SMU_07"
"720",1.21176716843199,-5.44135643880272,1.85311409391941,0.100885599744095,0.209890815213505,-4.18978260883506,"LSU_rRNA_bacteria","gene:EBG00001212947"
"724",0.73721157709803,6.0166178607855,2.3230073568685,0.0486005560343869,0.133553511501532,-4.21666211572466,"lacG","gene:SMU_1490"
"728",-0.457618426101421,6.15157684460007,-2.31730406560036,0.0490357204891066,0.133553511501532,-4.22671571402249,"bglC","gene:SMU_983"
"730",0.541617586504428,5.36080454885895,2.28423897307015,0.0516363398181177,0.138075165573001,-4.22882701084666,"cilG","gene:SMU_1019"
"733",-0.924447831552186,7.76187330796312,-2.34048805083501,0.0472906728958054,0.131972415308945,-4.24260415028096,"rl14","gene:SMU_2017"
"735",-0.426164487540729,4.88386027965716,-2.2500393514705,0.054470775933825,0.14222647486567,-4.24479396944082,"ssb2","gene:SMU_1967"
"736",-0.625134661226307,8.9005272774571,-2.32240917054851,0.0486460162708505,0.133553511501532,-4.24671408922808,"exoA","gene:SMU_1649"
"738",1.2854243633483,10.8381703259096,2.20971578285683,0.058011767216042,0.14787754097836,-4.24981573619865,"hrcA","gene:SMU_80"
"739",0.539810402276062,7.62792947822701,2.33793660358095,0.0474796368852004,0.132312603918786,-4.25278951015232,"fpg","gene:SMU_1614"
"741",-0.475574842642432,7.73660495557125,-2.33183600076818,0.0479345248901593,0.132818253438419,-4.26121858606387,"dltC","gene:SMU_1689"
"742",0.732230719042984,3.84187883969615,2.19519982635592,0.0593414997821555,0.150489433252176,-4.26123329207967,"bglB2","gene:SMU_982"
"744",0.432089896418704,7.22021004249321,2.31722837165383,0.0490415220792226,0.133553511501532,-4.27878020471945,"tagI","gene:SMU_2087"
"747",0.523404604446549,10.9164826112053,2.17889704485165,0.0608708397266655,0.152602429135285,-4.28721644036601,"nrdD","gene:SMU_2074"
"748",1.30950245719653,12.696360637232,2.09306069410661,0.0695857357342095,0.16541283928144,-4.28816070873188,"dnaK","gene:SMU_82"
"752",-0.770836329469629,6.79604147074967,-2.28489514316516,0.0515834171958474,0.138075165573001,-4.30321039239137,"thyA","gene:SMU_944"
"762",-0.494638734806403,9.18030176697264,-2.25534732231514,0.054020923290967,0.141921813119944,-4.33268554003115,"syfB","gene:SMU_1510"
"767",0.433971813544852,10.6246420753483,2.15810131406496,0.0628781905162074,0.154879737688486,-4.3443783680288,"pgi","gene:SMU_307"
"768",0.78669532801624,9.30657804119584,2.24988808726994,0.0544836500141661,0.14222647486567,-4.34602667033627,"lytS","gene:SMU_577"
"772",0.378538390918799,7.40087318130834,2.26905943121311,0.0528758324658644,0.140032238194833,-4.35424984231146,"rnh","gene:SMU_994"
"773",0.884582694725603,10.9924415434258,2.1278628730869,0.0659137587051312,0.159962766701503,-4.35512031301596,"dnaJ","gene:SMU_83"
"775",0.666500606662686,9.50872468193135,2.22847493785881,0.0563369266527603,0.144918847830373,-4.35985718743707,"rpoE","gene:SMU_96"
"779",-0.757928776555387,3.97241149376659,-2.12785358099362,0.065914713293625,0.159962766701503,-4.36994334162886,"sfp","gene:SMU_1334"
"781",-0.610158645083906,7.49769921410086,-2.25402018417949,0.0541330515717954,0.142027274935043,-4.37263272350653,"csbB","gene:SMU_2067"
"782",-0.827412530727087,3.01658648707506,-2.08808686616014,0.0701266184708878,0.165982864801538,-4.37396412538249,"nrgA","gene:SMU_1658"
"783",-0.506189998442841,6.67979454447237,-2.23581086719267,0.0556950758652472,0.143454810289991,-4.37560903167995,"pstC","gene:SMU_1136"
"785",-0.50188752408565,9.45011357075961,-2.2056951328522,0.0583770994959152,0.148616796523149,-4.3855638307765,"ylmF","gene:SMU_554"
"786",-0.453151810060106,7.3010964857087,-2.24208686675814,0.0551517227189058,0.142988631963733,-4.38659387075249,"murG","gene:SMU_549"
"787",-0.385306960065781,8.33636655785799,-2.24570793153769,0.0548406205074781,0.142556711806659,-4.38676871283528,"galE","gene:SMU_888"
"791",-0.482658972068327,9.72000294984166,-2.18394113151908,0.0603935507337607,0.151946137862247,-4.39399113351812,"atpG","gene:SMU_1533"
"793",-0.401684988447654,9.63534003251937,-2.18910220574899,0.0599090154102038,0.15134505429492,-4.39592522230742,"sys","gene:SMU_1886"
"796",0.417892692334735,10.7657797779118,2.10844279633975,0.0679386977890533,0.1634671350461,-4.4032158695937,"ilvB","gene:SMU_231"
"798",1.2344537243321,2.59070423915654,2.0523032471233,0.074140780315902,0.171851056739335,-4.40786338374774,"lacB","gene:SMU_1495"
"800",0.451796930038864,3.07914569298282,2.06283704779757,0.0729363971025955,0.169897888410178,-4.418136233596,"comF","gene:SMU_498"
"801",0.719322352974542,9.683494933407,2.17555288536355,0.0611893251846937,0.152602429135285,-4.4208551138723,"fruA","gene:SMU_78"
"803",-0.67015794815458,10.4632095097389,-2.10922905217889,0.0678555427708726,0.163466405234349,-4.43226255512972,"dltA","gene:SMU_1691"
"813",-0.59921713061064,7.46872735615989,-2.18350244313408,0.0604349138999824,0.151946137862247,-4.47737924291429,"nylA","gene:SMU_1218"
"816",0.448056419066144,8.07825950104711,2.18328950407196,0.060455001632977,0.151946137862247,-4.48927608990871,"galT","gene:SMU_887"
"819",0.459618185917483,7.01072085239819,2.16782629717883,0.0619314744988833,0.153699118473329,-4.49635134701077,"kthY","gene:SMU_1663"
"824",1.03621368917999,11.0223724844142,2.02431827316791,0.0774352116836291,0.177444451395819,-4.50202787636507,"cysK","gene:SMU_496"
"826",-0.567883009625164,7.37455937719285,-2.16149416756841,0.0625462921730036,0.154835425918866,-4.50779241155093,"vacB","gene:SMU_1607"
"827",-0.487511089211734,6.37973674794543,-2.1365090009031,0.0650313878100226,0.158403614998981,-4.50930479912401,"hsdM","gene:SMU_891"
"829",0.758259409895028,7.43053558325237,2.16012325451792,0.0626801904798998,0.154879737688486,-4.51749454333761,"msmF","gene:SMU_879"
"830",-0.577006872227416,9.54070543534449,-2.10421028632065,0.0683880489675255,0.163840949499468,-4.52576713440771,"atpC","gene:SMU_1529"
"831",0.380269548885009,7.12141699641825,2.14729961167115,0.0639464298581556,0.156533878548562,-4.53014405556887,"rnpA","gene:SMU_336"
"833",-0.692229905204257,3.92337314924158,-2.01252885433428,0.0788652502992489,0.179213034772677,-4.53334066491004,"argC","gene:SMU_663"
"834",0.597564159300253,5.67832705541459,2.09425709602305,0.0694562419761507,0.165304180239982,-4.53354805521789,"treR","gene:SMU_2040"
"835",-0.475182211017387,9.32915345466571,-2.11262128907978,0.0674979189315141,0.163137284555674,-4.53365295228211,"ylmH","gene:SMU_556"
"837",-0.468261525065996,8.1098375195215,-2.14351048915969,0.0643253703588769,0.157110243741161,-4.54186659857666,"tyrS","gene:SMU_1992"
"844",0.655805377344895,7.15628749905155,2.11209241087522,0.0675535537161609,0.163137284555674,-4.58402061373326,"purE","gene:SMU_50"
"845",-0.377277874208149,8.79213509571524,-2.10229533039815,0.0685923083054032,0.163840949499468,-4.5860340308466,"ilvA","gene:SMU_234"
"847",-0.738711760349069,8.44404341593244,-2.10374982241006,0.0684371100370078,0.163840949499468,-4.58794231916989,"rl5","gene:SMU_2015"
"851",-0.457669441488376,10.1160036410686,-2.003113740267,0.0800256438108511,0.180859788360606,-4.61997164047644,"dexA","gene:SMU_2042"
"852",0.363394148254114,8.65406521245095,2.08962457735716,0.0699589614258562,0.165982864801538,-4.62117561275725,"bccP","gene:SMU_1738"
"858",-1.07407001620482,7.68051624525195,-2.0727510764129,0.0718203090985264,0.168491640726983,-4.63847414627824,"glpF","gene:SMU_396"
"859",-0.341635419687916,7.14490536501713,-2.06879640575674,0.0722635010959409,0.169129166859183,-4.64003214503421,"lepC","gene:SMU_1874"
"862",0.376928688098776,8.92221318011059,2.0563979292732,0.0736703300465016,0.171203252275321,-4.65831398851506,"recN","gene:SMU_585"
"864",-0.629044916459132,4.49146456596287,-1.94686800993719,0.0873092845759151,0.191920346967728,-4.65972681389185,"smpB","gene:SMU_1606"
"869",-0.400744595192145,6.21737184631218,-2.02198577461316,0.077716129336002,0.177881581415234,-4.66844358915456,"ipk","gene:SMU_1996"
"872",-0.506883897841923,6.07743216720202,-2.00843996281161,0.0793671813497498,0.179577349544789,-4.67793593218429,"rpiB","gene:SMU_2142"
"877",-0.664751937220293,8.95011809256273,-2.01808903440418,0.0781876459055654,0.178546557143149,-4.69374614190767,"ftsE","gene:SMU_1325"
"880",-0.474575434661876,9.22595123410324,-2.00076749199166,0.0803173778782948,0.181104213204429,-4.70576403968541,"clpP","gene:SMU_1672"
"881",0.888395372200007,12.4017618551097,1.80663181695486,0.108339835864829,0.2183396283568,-4.70704625676732,"phsG","gene:SMU_1535"
"882",-0.384813530218086,9.79342150214148,-1.96322936710806,0.0851270772955392,0.189352563138781,-4.71046340870649,"dnaG","gene:SMU_821"
"883",0.367390497542734,8.78912755112161,2.02082126184146,0.0778567488864593,0.177996947338336,-4.71686228517299,"scrK","gene:SMU_1840"
"889",0.406140868287247,6.84178524922459,2.00208308430845,0.0801536696950953,0.180941865341445,-4.73301994791455,"hisH","gene:SMU_1266"
"890",-0.363201614878814,7.93699990063544,-2.01197001864447,0.0789336681284623,0.179213034772677,-4.73786751896356,"acpS","gene:SMU_1835"
"891",-0.600589776180598,8.32616693934341,-1.9999303231827,0.0804217209977451,0.181132483480081,-4.74638763399964,"atpA","gene:SMU_1527"
"895",-0.519099705597583,10.6380161500103,-1.86826184408355,0.0985633759679814,0.207540598489677,-4.76046561620018,"atpD","gene:SMU_1530"
"896",0.519845854010022,8.36013907683193,1.99808559850272,0.0806521072162445,0.181237594006435,-4.76232997715478,"recF","gene:SMU_2156"
"897",-0.751901884719596,9.16014230033581,-1.95771411786873,0.0858567435342198,0.189857219503373,-4.76513943657958,"mscL","gene:SMU_819"
"898",0.540454043208626,7.37450460013627,1.98465527516757,0.0823487575966742,0.184622872460881,-4.77480510836172,"dapB","gene:SMU_900"
"901",-0.630107795192515,2.19163812190264,-1.76127295568145,0.116112613123741,0.23001022659954,-4.78138668282672,"comEA","gene:SMU_625"
"902",0.4948034355874,10.584451777562,1.85551816264704,0.100513604099926,0.20985538718429,-4.78172476451128,"kguA","gene:SMU_478"
"903",0.599052008393198,6.06400150527866,1.93953559745758,0.0883046211737891,0.193583352862095,-4.78402623889623,"dam","gene:SMU_504"
"909",-0.534963748493814,9.25620059893913,-1.92878563805928,0.08978360031992,0.196279500817009,-4.80547701626533,"uvrA","gene:SMU_1851"
"910",0.317341713244629,7.71355226119998,1.9609281137437,0.0854308034036945,0.189717462472281,-4.81256535289104,"rmlC","gene:SMU_1460"
"912",0.404131372105077,7.76922468214822,1.96035744720201,0.0855062830266605,0.189717462472281,-4.81384358559337,"sygA","gene:SMU_445"
"916",0.516590652198484,7.7395525893988,1.94875360612596,0.0870550736339403,0.191920346967728,-4.83032055225995,"holB","gene:SMU_1662"
"918",-0.363203800094191,8.12107063052991,-1.94646170051926,0.0873641555201007,0.191920346967728,-4.83126590804149,"syfA","gene:SMU_1512"
"920",-0.386696218115484,6.84311415955781,-1.92842995494862,0.0898329392994216,0.196279500817009,-4.83388614649381,"pstS","gene:SMU_1138"
"925",0.679557031514062,7.014461440946,1.92403941676815,0.0904441238137328,0.196743391713886,-4.85366242193296,"malG","gene:SMU_1570"
"926",-0.395911567783373,6.61951343190253,-1.90544418141353,0.093077135900918,0.200044868336069,-4.85813138442453,"pstC1","gene:SMU_1137"
"928",-0.355319172720458,7.56106332362966,-1.92473864486498,0.0903465215405245,0.196743391713886,-4.86108292750817,"murC2","gene:SMU_1429"
"930",0.738274529166618,6.69009172233523,1.90436757402996,0.0932318052352073,0.200159251065358,-4.86730507730225,"coaA","gene:SMU_1126"
"931",0.526888702107308,7.7780887434708,1.91846151027255,0.091226347773382,0.19779075182075,-4.87433972200571,"cilA","gene:SMU_1021"
"935",0.640406856098575,8.00104754923109,1.91505029248061,0.0917079140487117,0.198398809668978,-4.8818588627162,"gldA","gene:SMU_495"
"936",-0.360664050811774,9.1065873874946,-1.88573892750973,0.0959472801935679,0.203552670776247,-4.88196591404084,"ylmE","gene:SMU_553"
"939",-0.372097850952173,6.19425176970503,-1.87118062540389,0.0981217954646264,0.207274413759859,-4.88376230889719,"licT","gene:SMU_977"
"941",0.443343293840787,7.01263782587201,1.90075362322073,0.0937527979676209,0.201058989554474,-4.88626886627492,"adcB","gene:SMU_1993"
"944",0.55172580426039,5.33526124375874,1.82458924521186,0.105400293961816,0.214961891724703,-4.89348944011316,"lacE","gene:SMU_1491"
"945",-0.632183864068935,10.8397737149028,-1.75692859651323,0.116883930899011,0.23130591340396,-4.89574660590458,"adhC","gene:SMU_129"
"946",0.736951539995896,8.75413987796719,1.89688894835214,0.0943130146660872,0.202040801233648,-4.89851715633623,"msmK","gene:SMU_882"
"949",-0.629236943270739,8.52532776897336,-1.88754281624975,0.0956810625368042,0.203464079848611,-4.90154332656457,"rs5","gene:SMU_2009"
"950",-0.405244950814424,7.3064174737003,-1.89115350049221,0.0951503144946587,0.203172695344114,-4.90180003768886,"apt","gene:SMU_1467"
"951",-0.506769738504042,1.78036505677156,-1.64762792908165,0.137933692501725,0.260424091201821,-4.90246776331167,"smf","gene:SMU_1001"
"954",-0.641524448582501,10.4977992682153,-1.7709220946194,0.114416494051776,0.227793887753939,-4.9088691112496,"gapN","gene:SMU_676"
"956",-0.35504457828452,8.37436693340913,-1.88785552000344,0.0956349855034507,0.203464079848611,-4.91128571522147,"efp","gene:SMU_1847"
"958",-0.681936659007966,7.4693654834921,-1.88127274154212,0.0966094432345552,0.204737305587301,-4.9176016524965,"thiD","gene:SMU_85"
"961",-0.649116874766781,6.77320199424633,-1.85655200090539,0.100354033298905,0.209744181884258,-4.93082597320176,"citB","gene:SMU_670"
"963",-0.404661140529059,7.8201172663173,-1.87647367721328,0.0973258151016123,0.206034155789143,-4.93305646234002,"sapR2","gene:SMU_1919"
"965",0.486738265461089,8.54958474486019,1.8698102181501,0.0983288883995491,0.207348670266498,-4.94351902227735,"lguL","gene:SMU_1603"
"967",0.644583594680158,7.71836626280427,1.86742331859071,0.0986905853260836,0.207586913484395,-4.94652542227847,"msmG","gene:SMU_880"
"968",-0.62325816412742,8.26023543501788,-1.85937281957035,0.0999198694934451,0.209116752911231,-4.94953627643593,"rl18","gene:SMU_2010"
"971",0.44416282173411,6.81697497819894,1.84745339101799,0.101766684244509,0.210490390493259,-4.95374979218369,"cilB","gene:SMU_1020"
"973",-0.328124567645004,9.84589225625089,-1.78703204721525,0.111636431672606,0.223505425364442,-4.95482424325142,"smc","gene:SMU_1513"
"974",-0.402406776247908,8.78050713477972,-1.84692953135897,0.101848590903333,0.210490390493259,-4.95505236131184,"nusA","gene:SMU_418"
"977",-0.350267237257642,8.68979089896458,-1.84652735844462,0.10191151400857,0.210490390493259,-4.96072267645774,"murC","gene:SMU_1731"
"978",-0.456385198172045,8.24045597578349,-1.85190748366663,0.101072798165633,0.209912242927151,-4.96333293917562,"trcF","gene:SMU_08"
"979",-0.654069460682667,11.014642758449,-1.69370667494967,0.128664028682019,0.24814675326454,-4.96518566466465,"rs1","gene:SMU_1200"
"980",-0.317513079573416,9.41173207270342,-1.80908383963594,0.107933936422752,0.217744025114611,-4.96655777038245,"opuBc","gene:SMU_1095"
"983",-0.324719825417549,7.15026299165311,-1.83809313414794,0.103239641913919,0.21262193475591,-4.97291441671398,"folK","gene:SMU_971"
"984",-0.299560098996435,7.67129459792406,-1.84780942446232,0.101711053286014,0.210490390493259,-4.97304874214515,"aroD","gene:SMU_777"
"986",-0.318184533106866,9.83703108380584,-1.77221326474607,0.114191304390151,0.227575195516937,-4.97630433103043,"trkA","gene:SMU_1708"
"987",0.508510349642546,6.9484020782217,1.83398037809474,0.103893208902683,0.213522188713534,-4.97878523487626,"grk","gene:SMU_1252"
"988",0.43350820853928,10.6813844543369,1.7017557736834,0.127105174127961,0.24666451428143,-4.98269801258168,"pgk","gene:SMU_361"
"990",-0.53062634683436,9.9566979820941,-1.75451186117001,0.117315083996585,0.231694355080342,-4.9856928416767,"syv","gene:SMU_1770"
"991",-0.435926085404757,9.30640887737288,-1.79657912656712,0.110019023532314,0.22127169564654,-4.99080132569276,"nifS","gene:SMU_249"
"992",0.93762386310883,-5.05436842298816,1.07959100185886,0.311706568625239,0.451539691554769,-4.99348693505089,"LSU_rRNA_bacteria","gene:EBG00001213002"
"993",-0.319185251586202,8.24783404676577,-1.8271476445309,0.104987684987681,0.214961891724703,-5.00022255649071,"murM","gene:SMU_717"
"997",0.381379272472302,8.73364267508188,1.81911377591921,0.106288516959802,0.215665527801594,-5.0085614387339,"purN","gene:SMU_35"
"999",0.450787723833924,8.36419841994856,1.82460683856588,0.105397451340372,0.214961891724703,-5.01057205517276,"pfl2","gene:SMU_493"
"1003",1.09410064214928,12.6890380826008,1.55598660946589,0.158213846281312,0.287356767394275,-5.01607298271495,"clp","gene:SMU_956"
"1005",0.749548206501808,13.0661397098234,1.52943652024378,0.164575014371842,0.295159620826465,-5.02267479100373,"groEL","gene:SMU_1954"
"1008",0.46723541568084,8.44130580722565,1.80563475316924,0.108505297969136,0.218449951931739,-5.03632553076156,"amyA","gene:SMU_1590"
"1009",-0.335027406165141,9.78124140442137,-1.7314617498211,0.121502700698438,0.238058419541229,-5.03795410064796,"pmgY","gene:SMU_596"
"1010",0.679906056670967,8.90078495524442,1.79152056139814,0.110873246530261,0.222536027878134,-5.04031781842555,"gtfA","gene:SMU_881"
"1012",0.505860380133016,3.10134927659134,1.60520368700489,0.147007312478011,0.273627761810487,-5.04872779920381,"Bacteria_small_SRP","gene:EBG00001213011"
"1017",-0.376171368233584,5.57194942273625,-1.71558263808709,0.124468218166628,0.242903852069987,-5.05843369626706,"metC","gene:SMU_1674"
"1019",0.286188514486892,7.97633902990923,1.78668250445736,0.111696071672245,0.223505425364442,-5.06266954897844,"ascB","gene:SMU_1102"
"1022",-0.379212148186281,0.183052120529782,-1.37089964053094,0.207526536075774,0.343680373055287,-5.09680007143103,"mutE1","gene:SMU_655"
"1024",0.455290204793111,6.13509672040564,1.71240353972947,0.12506997063452,0.243648248196501,-5.10640652806054,"citG2","gene:SMU_1022"
"1025",-0.276989676030658,8.92904449746162,-1.73293129185583,0.121231610555491,0.237815790213377,-5.10928806030295,"rgpD","gene:SMU_828"
"1026",-0.357585248050567,9.6080977950548,-1.69050024585588,0.129289934476048,0.248624796024604,-5.11061717660947,"ftsX","gene:SMU_1324"
"1030",0.357557823928758,4.48843356676767,1.61312395043626,0.145272954032091,0.271321541368978,-5.11683727036141,"trpG","gene:SMU_533"
"1031",-0.419992738611385,7.47736830098825,-1.74090634513775,0.119770249560375,0.235877281842517,-5.1175943966823,"murD","gene:SMU_548"
"1040",0.290727196383751,7.78405551256414,1.73278631372206,0.121258329931403,0.237815790213377,-5.13573705008761,"nadD","gene:SMU_1799"
"1046",-0.358456835125519,8.61014277285415,-1.70970562435633,0.125582763645626,0.24435383892783,-5.15410958192761,"ampM","gene:SMU_1556"
"1047",-0.751265464116923,8.92510189300124,-1.69063860394497,0.12926286837052,0.248624796024604,-5.15522671162843,"trxB","gene:SMU_463"
"1055",-0.543274799573151,7.88076223834302,-1.70319816428849,0.126827687305259,0.246533031579582,-5.17389447857407,"gtfB","gene:SMU_1004"
"1058",-0.361498054497371,4.59312846180737,-1.57273091272901,0.154317110450483,0.28296250828885,-5.1771871210327,"scnF","gene:SMU_1811"
"1060",0.350278911245517,6.73626896528394,1.67916610102379,0.131525066701016,0.251940734564179,-5.18287670742618,"hisB","gene:SMU_1268"
"1063",0.293380113849803,8.45141383793927,1.69498689351021,0.128414911104293,0.24814675326454,-5.18811813210064,"aroB","gene:SMU_779"
"1065",-0.457602152277351,10.4795187608314,-1.56025292765247,0.15721262600146,0.286144382934392,-5.19202589410494,"atpB","gene:SMU_1528"
"1074",-0.298648960081102,6.85049539808531,-1.65908382401872,0.135573265864817,0.257530931717243,-5.2107036587418,"ylxM","gene:SMU_1061"
"1077",-0.385911179962609,2.1890749405136,-1.41302208676726,0.195247953944339,0.330097869007867,-5.23068515826869,"mutF","gene:SMU_654"
"1086",-0.445053096102378,8.21182037702059,-1.62511432129638,0.142682896862911,0.267344117293945,-5.27672517801671,"pyrR","gene:SMU_856"
"1088",0.374729857384509,10.2120979691382,1.51296167214141,0.168636971885706,0.299449092245121,-5.2838336494006,"purH","gene:SMU_37"
"1089",-0.388879991211766,9.24512185954292,-1.58355198894198,0.151845318222498,0.279853206539172,-5.28625653592174,"scnK","gene:SMU_1814"
"1094",-0.395233785845839,9.80183304183408,-1.52888753454233,0.164708941981722,0.295159620826465,-5.30408451979223,"syl","gene:SMU_1943"
"1097",-0.392965018289004,2.15051242313541,-1.34359729542291,0.215837991230219,0.350492474647919,-5.3101099835815,"comYD","gene:SMU_1983"
"1101",0.247533433881835,7.99379310721215,1.60016328781619,0.14812086251763,0.275181225750738,-5.31703562330422,"aroE","gene:SMU_778"
"1103",0.318749571407215,8.17910599041109,1.59479945516506,0.149314306814026,0.27661702098035,-5.3252866244935,"gbpD","gene:SMU_772"
"1104",0.318268801439025,10.2151149829371,1.47378030256799,0.178659726930521,0.311667233628574,-5.33302694189452,"dnaX","gene:SMU_1581"
"1109",-0.343099148218309,8.77831335003585,-1.56193906355797,0.156818505631396,0.285690592438361,-5.34532035056036,"dnaC","gene:SMU_2138"
"1110",-0.363774999359607,7.40898403928035,-1.5694970440261,0.155062854861171,0.283170682448427,-5.34729024995657,"parE","gene:SMU_1210"
"1112",0.296426822952696,6.34862675183301,1.53961848144601,0.16210876504206,0.292692915801912,-5.34838275225953,"trpD","gene:SMU_534"
"1113",-0.312004839387209,10.2425999809207,-1.45544560798956,0.18352915113676,0.315863407899551,-5.35052817695355,"gtfD","gene:SMU_910"
"1116",0.41767767285866,7.82488443734348,1.56850716109416,0.15529177821044,0.283170682448427,-5.35744998129418,"pycB","gene:SMU_1023"
"1119",-0.531666755165981,8.53965505787594,-1.54811292973498,0.160076781782018,0.289753660968736,-5.36804867411005,"rs8","gene:SMU_2012"
"1121",-0.358839028216334,8.22443129474131,-1.555554117849,0.158315664550217,0.287356767394275,-5.36973083012652,"lemA","gene:SMU_1930"
"1126",-0.336506454101781,3.98079754543905,-1.36722611418546,0.208628482965046,0.344355025571587,-5.39458914028119,"scnE","gene:SMU_1810"
"1128",-0.359330968006828,6.85540739464876,-1.51784838568186,0.167422848487303,0.297858683557663,-5.39665622366864,"papS","gene:SMU_901"
"1134",-0.494658183133774,7.8774210381869,-1.53387560475607,0.163495670227193,0.293570068716162,-5.40023650291503,"rs14","gene:SMU_2014"
"1138",-0.334408977338855,9.13845056654927,-1.49860481210394,0.172249711135687,0.302534475379968,-5.40546967152054,"pgdA","gene:SMU_1920"
"1139",-0.282792630095014,5.94172710368581,-1.47130367626984,0.179310717834612,0.312015172360185,-5.40600505084688,"ogt","gene:SMU_1652"
"1141",-0.65310522820901,1.7713016865182,-1.22884270590804,0.253951711980791,0.393286285508714,-5.40702199073707,"mreD","gene:SMU_21"
"1143",0.844362348601268,7.62991016284146,1.52533238798011,0.165578609426442,0.295812135448192,-5.41179410469537,"copY","gene:SMU_424"
"1147",0.697391674114365,6.73380847623424,1.49971103484479,0.171968903156842,0.302401645212521,-5.420389027149,"copZ","gene:SMU_427"
"1148",0.294970002487026,5.86748113938607,1.45790111549288,0.182870261660594,0.315791593726467,-5.42256273119977,"mutX","gene:SMU_1455"
"1150",0.308343357429294,13.5171119865161,1.15136069612131,0.282737416491133,0.421967415080942,-5.42659514198553,"gbpB","gene:SMU_22"
"1153",0.384154585580593,6.07257365773183,1.46110535342645,0.182013612525924,0.315282849976688,-5.43290314610399,"fruB","gene:SMU_79"
"1155",0.349907170950507,12.4387476323353,1.22018838687267,0.257041788078255,0.396205818654997,-5.43371874101752,"ldh","gene:SMU_1115"
"1157",0.387262812228153,7.07328954361179,1.49703434626606,0.172649067600159,0.302788098111212,-5.43778573136615,"hisF","gene:SMU_1264"
"1160",0.255320130621323,8.33854139396219,1.50378222166128,0.170938975332676,0.300858696102917,-5.44293033138804,"plsX","gene:SMU_26"
"1161",-0.273425584073843,9.84626446821661,-1.41586159431126,0.194443551789435,0.329302255519789,-5.44365207261521,"dltB","gene:SMU_1690"
"1162",0.15338074496469,-5.44135643880272,0.273769872260975,0.791177458302618,0.855903789192104,-5.4441986941884,"LSU_rRNA_bacteria","gene:EBG00001213017"
"1163",-0.469608115439197,9.85879518626977,-1.41206346595947,0.195520178061203,0.330275095303727,-5.4444791066824,"gshR","gene:SMU_838"
"1165",0.403381865971392,10.8694587663206,1.31833663185608,0.223781306718422,0.360424912779956,-5.44880631012979,"pacL","gene:SMU_1563"
"1166",-0.352948228328744,6.73363938395702,-1.47121674440781,0.179333606414825,0.312015172360185,-5.45173752389726,"ptxA","gene:SMU_272"
"1169",0.249422041280392,6.26643496866869,1.44809073660087,0.185515267390996,0.318279671793422,-5.46047201105173,"aroH","gene:SMU_1837"
"1175",-0.233885494435857,8.07792857593078,-1.47142403312313,0.179279032956456,0.312015172360185,-5.48130925935331,"rgpB","gene:SMU_826"
"1188",-0.249743451725566,8.38204707884304,-1.44810613397835,0.185511089717726,0.318279671793422,-5.50654882133338,"rgpA","gene:SMU_825"
"1189",-0.582904967317438,9.82984595174761,-1.36164021363001,0.210313785693978,0.345548312288506,-5.50680962839776,"rf2","gene:SMU_1326"
"1193",-0.239073332421557,7.79219270861957,-1.43547908906245,0.188965103442508,0.32307465259278,-5.52727313915154,"rexB","gene:SMU_1500"
"1194",0.479512536655034,7.15148576765299,1.42560926237675,0.191704199471541,0.326062401342544,-5.53103897112431,"satC","gene:SMU_1059"
"1198",0.228918612495987,8.86707327660695,1.41469677621892,0.194773180531129,0.329577603077117,-5.53868838313048,"aspS","gene:SMU_2101"
"1199",0.415808224651709,9.49900622029324,1.37450314569163,0.206450495240888,0.343445891324006,-5.53947458410795,"purB","gene:SMU_59"
"1204",0.325383555486699,7.28066192633512,1.41661129010174,0.194231655964866,0.329225994174124,-5.54484375591307,"end3","gene:SMU_1650"
"1206",0.403123238941679,6.68648610230838,1.39784296218939,0.199597595288943,0.335541811008127,-5.54543692084487,"rpiA","gene:SMU_1234"
"1208",-0.25035074570823,8.87872307278415,-1.39763271452011,0.199658431892317,0.335541811008127,-5.55124502116812,"rgpE","gene:SMU_829"
"1210",0.469992943073681,7.00524211950296,1.40249361817414,0.198256025221965,0.333753530514451,-5.55462439780084,"mleS","gene:SMU_137"
"1211",0.450840121051597,7.69974612243063,1.41017979845603,0.196056059863735,0.330893354200332,-5.55842693330507,"galR","gene:SMU_885"
"1214",0.264626574833134,11.3292221035174,1.18081096093193,0.271496875725771,0.409101037179686,-5.56254555061969,"secA","gene:SMU_1838"
"1215",-0.435312852874569,9.12732390933532,-1.37006599978378,0.207776160041052,0.343680373055287,-5.56366034995459,"rl6","gene:SMU_2011"
"1216",-0.363807812683167,9.10225686441954,-1.37220958015968,0.207134814799233,0.343680373055287,-5.56568383752286,"malR","gene:SMU_1566"
"1217",-0.32590386799184,8.91677568667716,-1.38238822210651,0.204112801907377,0.341283523867166,-5.56594070522411,"atpF","gene:SMU_1532"
"1219",-0.326832772692983,9.34000452255018,-1.35232854564226,0.21314932340429,0.34813213168598,-5.57091764550763,"recA","gene:SMU_2085"
"1220",0.259266481747984,9.22747454465261,1.36684755467351,0.20874232670229,0.344355025571587,-5.5728582394812,"sygB","gene:SMU_446"
"1221",-0.36134986803009,6.22497092273866,-1.34674765373521,0.214864534882183,0.349775352576359,-5.57817832588322,"pstB","gene:SMU_1135"
"1222",-0.31767661992834,8.89514055821725,-1.37323823366426,0.206827657899733,0.343680373055287,-5.57884635264013,"ilvE","gene:SMU_1203"
"1237",-0.267858269806765,5.17862470076615,-1.25925850767762,0.243335988991829,0.381639035199427,-5.6060061115681,"trpE","gene:SMU_532"
"1242",0.290658455272254,8.20763912847091,1.36951206520895,0.207942173027435,0.343680373055287,-5.61198458952255,"rrf1","gene:SMU_1624"
"1245",-0.339881223273771,6.85028345508869,-1.33943283922036,0.217130620613798,0.35203292609264,-5.6188554506999,"hemN","gene:SMU_1418"
"1247",0.259066742096852,9.624837934023,1.29420747768763,0.231600632956899,0.369400201151141,-5.62052408099789,"pbp1b","gene:SMU_1991"
"1249",-0.454511611233853,8.56116644654641,-1.34747243492629,0.214641113842465,0.349700179695445,-5.62108029982164,"rl15","gene:SMU_2007"
"1250",-0.317649221654648,8.29746987437103,-1.35426966931935,0.212555517375448,0.34744990537014,-5.6228098905036,"atmB","gene:SMU_1941"
"1251",-0.226547032502022,8.15587427385478,-1.35082832919072,0.213609231327688,0.348306622652503,-5.62999018815259,"aspG","gene:SMU_1831"
"1252",0.285748975759905,6.92720896491065,1.33560830976549,0.21832359042185,0.353365417475234,-5.63172411233718,"pdp","gene:SMU_1124"
"1256",0.403506025091019,5.96747457609551,1.28384749684506,0.235028408087385,0.373339732417981,-5.64108921642854,"nrdI","gene:SMU_1777"
"1264",-0.307425686805177,10.27726418902,-1.18973435422309,0.268163981919819,0.405871587532915,-5.65954082732304,"livK","gene:SMU_1669"
"1266",0.492937731903211,8.80769518598152,1.31246414249358,0.225663340584364,0.362568217404682,-5.66782688355227,"purD","gene:SMU_48"
"1267",0.237676646457766,8.85782883402255,1.3076374643134,0.22722029853431,0.363589334151009,-5.66888002238613,"proS","gene:SMU_1783"
"1271",0.599032051871669,9.77183250202529,1.23352190303883,0.252293877141524,0.391025781304184,-5.6750673180051,"groES","gene:SMU_1955"
"1272",-0.398566411904489,5.73597105167249,-1.23411014114801,0.252086103840463,0.391010914211661,-5.67525635649693,"mreC","gene:SMU_20"
"1276",-0.253815232581965,7.73224811325263,-1.30766513644653,0.22721134622959,0.363589334151009,-5.68236013455466,"dnaN","gene:SMU_02"
"1277",-0.233122452469914,9.36236653070124,-1.25728027940727,0.244014948594815,0.38179341282916,-5.68278384195716,"gltX","gene:SMU_330"
"1279",-0.259308736676186,8.33198251115169,-1.2997897018945,0.229771296619967,0.367304742345712,-5.68798224703936,"rluB","gene:SMU_1711"
"1280",-0.305761155030386,3.83441381943917,-1.09483583240487,0.305363758831668,0.443981353113398,-5.68995606021806,"pksD","gene:SMU_1336"
"1284",-0.314639555636797,8.19263057148464,-1.29068433375074,0.232761541000321,0.370652558832633,-5.70004258870442,"atpH","gene:SMU_1534"
"1286",0.26898413058952,7.14038718054192,1.28331447144869,0.235205923667284,0.373339732417981,-5.70131880009655,"ptxB","gene:SMU_271"
"1287",-0.238439959217571,8.71156444278315,-1.27831283776839,0.236877164925145,0.374486094869641,-5.70276703918459,"gatA","gene:SMU_1822"
"1294",0.308968878283775,11.6646942772532,1.00893287127176,0.342462740806022,0.483664271732485,-5.71166185965311,"ahpC","gene:SMU_764"
"1295",0.370955771946079,7.6118692744992,1.28148877532323,0.235814801748471,0.373680917461415,-5.71245599958496,"secE","gene:SMU_1948"
"1297",-0.295032372965652,9.44113614426468,-1.22293131782412,0.256059048457989,0.395618247930784,-5.71330130366958,"ciaH","gene:SMU_1128"
"1300",0.274853492201455,5.9186717951465,1.2115370971616,0.260161875387534,0.398524363462426,-5.71947205243123,"hisI","gene:SMU_1263"
"1301",-0.266178622676584,8.44994762802623,-1.27033280957266,0.239564351519633,0.377876853477504,-5.71996718663604,"folC","gene:SMU_967"
"1305",-0.306776643529309,10.0673625659408,-1.15220117410344,0.282411466138809,0.421800017177798,-5.72387152199397,"rs2","gene:SMU_2032"
"1306",0.216641881615171,9.58036672353159,1.2063427273588,0.262050226991439,0.400794649499309,-5.72540145449792,"accA","gene:SMU_1734"
"1310",-0.217440968803221,7.88393099172725,-1.26774985063203,0.240439617847198,0.378412516937163,-5.72989453028433,"cdsA","gene:SMU_1785"
"1311",-0.206360065703905,8.284672938414,-1.26039681942403,0.242946021371104,0.381330549057429,-5.7354819622432,"aspB","gene:SMU_1312"
"1312",-0.209572978392842,8.21441192057199,-1.26109968496215,0.24270549287209,0.381256319615154,-5.73553997243629,"rexA","gene:SMU_1499"
"1315",-0.335475353672626,12.8273319327511,-0.878085220936118,0.405424408465439,0.543043012832527,-5.7383466502477,"clpE","gene:SMU_562"
"1320",0.212589880198696,10.479606327254,1.08344438154167,0.310093583667866,0.449533167212858,-5.74999661435603,"pbp1a","gene:SMU_467"
"1321",0.826967458850568,8.95375186728969,1.23483152713907,0.251831495542233,0.391010914211661,-5.75001095633154,"pdhA","gene:SMU_1423"
"1322",-0.202599650424022,7.96999830629492,-1.24974189239968,0.246616820659003,0.38434043219606,-5.7505731136066,"endA","gene:SMU_1523"
"1326",-0.216293991430039,8.00076136415159,-1.24112781494043,0.249618348455553,0.388711129836469,-5.7601868508077,"brpA","gene:SMU_410"
"1331",0.441377950144126,2.06279416929216,0.900048357480725,0.39430636557109,0.533584677141126,-5.76803115661724,"xis","gene:SMU_1031"
"1332",-0.289841784714296,8.4040221059073,-1.22681684244652,0.254672278265141,0.394092866680097,-5.77035957484222,"pnpA","gene:SMU_155"
"1335",-0.228671234678087,11.0589473443583,-0.997809226094287,0.347510209100018,0.489042541051594,-5.77521155229043,"gtfC","gene:SMU_1005"
"1337",-0.235046292888441,5.09872018532586,-1.0963394667008,0.304743728880562,0.44359419690302,-5.77781299309784,"scnG","gene:SMU_1809"
"1339",0.197074804512545,7.38843096415805,1.21681039233825,0.25825635345205,0.39749168501485,-5.78330507714503,"ruvB","gene:SMU_64"
"1346",0.36567659362545,8.89571094212435,1.20150145304857,0.26382038638596,0.401944109914671,-5.79013633486635,"purF","gene:SMU_32"
"1347",0.276411016235309,7.0565626401936,1.20232060354733,0.263520181924566,0.401944109914671,-5.79098051821318,"hisA","gene:SMU_1265"
"1348",-0.24823993614225,7.13605434570951,-1.19816906181443,0.265044555914524,0.402712555910664,-5.79300891156772,"uppS","gene:SMU_1786"
"1349",0.3350548656701,6.59233828747956,1.17804497089717,0.272536833384197,0.410156500585065,-5.79708254347501,"flaW","gene:SMU_1294"
"1352",0.248385137665095,7.88927434176338,1.2052531422958,0.262447765123078,0.401091743290343,-5.80224640854612,"srtA","gene:SMU_1113"
"1354",0.328882906939965,9.37299582571561,1.15420748096786,0.281634619886687,0.420958412906388,-5.80518277420202,"purK","gene:SMU_51"
"1357",0.258196260690863,4.24639116443351,0.999212295112528,0.346870448716864,0.488490646194413,-5.80998725244202,"lacX","gene:SMU_1489"
"1369",-0.22499670144402,11.6574257692726,-0.882796793325661,0.403020620856303,0.540961241774756,-5.82724181899186,"ssb","gene:SMU_1859"
"1377",0.20459139338689,9.16575903720327,1.12830129896354,0.291799441312275,0.430284228482151,-5.84980073985978,"fabZ","gene:SMU_1737"
"1379",0.198857813846095,10.8182551262824,0.941017427435527,0.374161055360592,0.515259941465661,-5.85106754416923,"ilvC","gene:SMU_233"
"1382",0.200015077857705,12.5074696098503,0.76384838599493,0.466824038605117,0.593621054546203,-5.85736958800278,"eno","gene:SMU_1247"
"1390",-0.190551637629895,8.44190465558608,-1.13957182470573,0.287341476949872,0.427630369162019,-5.86777042527599,"recG","gene:SMU_1833"
"1391",-0.196872625987077,7.99476286842574,-1.14442090083946,0.285440427912736,0.425357979057272,-5.86785649214626,"oppC","gene:SMU_257"
"1395",-0.280940503639661,11.7507236633176,-0.809862358259737,0.441374979671902,0.573293505525123,-5.88047899862946,"rl31","gene:SMU_1298"
"1398",0.280859674881538,4.05400026786174,0.90376065510844,0.392449107827444,0.531800885812876,-5.88532152729273,"sloA","gene:SMU_182"
"1399",0.234430029883576,9.08029433275207,1.0989626254538,0.303664449374962,0.442814528534711,-5.88777841203035,"glnQ","gene:SMU_1519"
"1401",0.208461383004037,8.99691149474662,1.1002578506225,0.303132658641483,0.44269484492942,-5.89193103006905,"fabD","gene:SMU_1741"
"1403",0.36568084268354,9.50730802404545,1.05694921329879,0.321317867002522,0.462070081338174,-5.89408477865263,"dexB","gene:SMU_883"
"1411",-0.415984525550323,10.1751562836046,-0.960837457295961,0.364692207316801,0.506638758793232,-5.90424439771218,"adhB","gene:SMU_128"
"1413",-0.210786765639369,10.5224597152279,-0.913799126066844,0.38745867084882,0.526484819273225,-5.90921536678219,"gbpC","gene:SMU_1396"
"1414",-0.175532021616462,8.56940025824499,-1.09602662969725,0.304872646224275,0.44359419690302,-5.91084374862764,"gpsA","gene:SMU_323"
"1415",0.239481088804169,10.5900059681514,0.901470389892421,0.393594174287616,0.532986483095035,-5.91171543931682,"sacB","gene:SMU_2028"
"1423",-0.177977200944627,7.71075204867154,-1.0906354164427,0.307101116069616,0.446178572905266,-5.9243344440457,"phoH","gene:SMU_1620"
"1430",-0.219212140331612,8.3989573978733,-1.0719749100708,0.314914016571182,0.454850186453105,-5.93932706122071,"murN","gene:SMU_716"
"1432",0.196151739745888,9.50381358196196,1.0061846204621,0.343704553066822,0.48472414810639,-5.94319192264021,"glnR","gene:SMU_363"
"1435",0.176452189210003,5.16799904546084,0.929845380686031,0.379577957475749,0.518993284892344,-5.94694932143511,"mtlA2","gene:SMU_1183"
"1437",0.183511025566574,9.96233830620503,0.944263021086909,0.372598147751036,0.514081220638317,-5.94917690716154,"fabF","gene:SMU_1739"
"1441",-0.200273811300185,9.53193453125456,-0.987113267291373,0.352416761823409,0.494888449165542,-5.95325172762858,"polI","gene:SMU_297"
"1442",-0.222242550538445,6.88590474432301,-1.03497163508789,0.330866938470057,0.472359239943142,-5.95760462209333,"murB","gene:SMU_972"
"1446",0.220758226479397,7.70728251617486,1.05240841513401,0.323273011816956,0.463867383501713,-5.9640155587296,"luxS","gene:SMU_474"
"1447",-0.184352099592564,9.33505681273717,-0.990767088852233,0.350734778137208,0.493202042576967,-5.96882401797692,"dnaB","gene:SMU_1922"
"1451",0.208572403243504,7.1880611943135,1.03372766948771,0.331413935118446,0.472798043375773,-5.973659142268,"urk","gene:SMU_1386"
"1453",-0.184354700804988,8.02058032845191,-1.04048062512102,0.328452915143743,0.469932996068603,-5.97630275013403,"leuC","gene:SMU_1382"
"1457",0.287987054035978,7.22938245723868,1.0292901053441,0.333370913382588,0.474900787588656,-5.97982547608747,"satE","gene:SMU_1057"
"1459",-0.172617568915971,8.80693180793006,-1.01215099540769,0.341012975486176,0.482307240598011,-5.9864846442344,"krpS","gene:SMU_1050"
"1460",-0.175521239610345,7.130843833977,-1.01086900714105,0.341589947709588,0.482777196870356,-5.99056912602764,"truB","gene:SMU_1144"
"1462",0.254536012491298,4.39462091389974,0.803830371000975,0.444656241398558,0.576038584556372,-5.99423429158508,"sloB","gene:SMU_183"
"1464",-0.190465449834498,9.60679754290247,-0.934229309791919,0.377445512804687,0.516823074084179,-5.99530836469363,"metS","gene:SMU_1639"
"1472",-0.20717274754605,10.3395213901175,-0.827344688132929,0.431958968237658,0.566282421483654,-6.00464889795979,"pepO","gene:SMU_2036"
"1473",-0.206713652122706,6.69018332630821,-0.977259242486699,0.356983314028556,0.499169439105841,-6.00647068858606,"cysE","gene:SMU_157"
"1477",0.17194438677765,10.2415139022025,0.832423522608712,0.429249739205925,0.564230336744364,-6.01318198957381,"accC","gene:SMU_1736"
"1481",-0.285696017367876,8.36076895939622,-0.990264289198053,0.350965873176919,0.493202042576967,-6.0207185413364,"aldB","gene:SMU_1451"
"1483",0.29853820156297,6.14922875533108,0.927954326347934,0.380500540017391,0.519894435910188,-6.02515609113056,"phnA","gene:SMU_1180"
"1486",0.160593293557447,8.9997078626383,0.964072005164917,0.363164040374692,0.506638758793232,-6.02726380261546,"murE","gene:SMU_1677"
"1487",-0.184810947093863,9.57403775831446,-0.898072169049326,0.395297639910715,0.534193317495781,-6.03152386258131,"divIVA","gene:SMU_557"
"1499",-0.0997028566374938,1.44012295818963,-0.345120605377027,0.738877063764592,0.818991262251427,-6.05889567391278,"comYC","gene:SMU_1984"
"1501",0.156691873787524,9.99949553530915,0.806530592694294,0.443185329479867,0.574888004644167,-6.06457430103898,"gyrB","gene:SMU_1277"
"1504",0.14863268880124,6.28942210887603,0.887334481578878,0.400715214660966,0.539666292509274,-6.06984971117143,"aroA","gene:SMU_784"
"1506",-0.293381751383039,8.85806214973923,-0.915371935782143,0.386680984218463,0.525790201146125,-6.0730719980332,"ciaR","gene:SMU_1129"
"1507",-0.18607505296754,8.88682303530889,-0.915942254995902,0.386399267407168,0.525787767182346,-6.07320763385204,"priA","gene:SMU_480"
"1508",0.1627864382769,8.48529338530431,0.939239220049545,0.375019399870597,0.515259941465661,-6.07336060793265,"cinA","gene:SMU_2086"
"1512",-0.0899697551217837,12.8695854074259,-0.314663900852562,0.761044238103567,0.832801043692922,-6.0768084843526,"sod","gene:SMU_629"
"1515",-0.15093015086862,6.72552587203763,-0.899071347128286,0.3947962180716,0.533881383314097,-6.08092934792225,"potC","gene:SMU_975"
"1519",0.203245398046615,11.0777570126789,0.610427296788096,0.558469338231455,0.672807901617675,-6.08308706546002,"prtM","gene:SMU_648"
"1525",-0.143250373644152,10.3012628255375,-0.720475345415697,0.491687098504781,0.616326966550148,-6.09306144145493,"syt1","gene:SMU_1586"
"1529",0.135046832252797,10.5697891957387,0.672211268517704,0.520333679021695,0.640036377001125,-6.09611982325939,"capP","gene:SMU_712"
"1536",-0.18718895694075,9.21181872767592,-0.854367482991721,0.417680157960503,0.554912463616717,-6.10443910080047,"gatB","gene:SMU_1819"
"1538",0.159185509807459,8.90415605859984,0.884537978255222,0.402134877243116,0.540839886026359,-6.10609054711985,"fabG","gene:SMU_1740"
"1542",0.190778766928525,5.81807098501396,0.798331350833614,0.44766204750898,0.577656782037421,-6.1133632165599,"pmsR","gene:SMU_1622"
"1548",-0.17587264289592,7.44928409454703,-0.884946251359068,0.401927390203861,0.540839886026359,-6.11819352322597,"trxB2","gene:SMU_869"
"1550",0.191084976357921,11.134599903886,0.531945852505928,0.609173374544832,0.715842208443689,-6.12436202119971,"fthS","gene:SMU_1073"
"1559",0.391737708831032,9.86443406917595,0.735528707572599,0.482962602843597,0.608095223618645,-6.13840364862254,"copA","gene:SMU_426"
"1562",-0.126058857114885,2.49754072895842,-0.364422740131479,0.724960164076782,0.809935675947616,-6.14173800397106,"comX1","gene:SMU_1997"
"1565",0.140094778502426,9.14399613283643,0.820005151401082,0.435895019649422,0.568796874185391,-6.14459533604594,"murA","gene:SMU_1525"
"1567",0.154314045205,5.53047512178425,0.724422570325224,0.489389649130349,0.614756358491878,-6.14764109965062,"trpC","gene:SMU_535"
"1572",0.164702350828628,7.6435868981106,0.850442352040671,0.41973336813663,0.555794587472195,-6.15284947478119,"pepB","gene:SMU_645"
"1573",-0.145116754467228,8.45471039178713,-0.843912443197073,0.423164811904565,0.559212440648162,-6.15450810739344,"oppF","gene:SMU_259"
"1575",0.143429383053938,3.7770113769612,0.499589845372554,0.630774326576732,0.733363433315199,-6.15716940954944,"comC","gene:SMU_1915"
"1578",0.316271141669438,4.03391183112457,0.524439465577423,0.614149575617827,0.718693423899153,-6.15932604763474,"bacT","gene:SMU_1346"
"1581",-0.272540413323012,7.24798805763522,-0.825106907971741,0.433156431539816,0.56735346449178,-6.16270086320175,"rl30","gene:SMU_2008"
"1584",0.140879120395191,8.91624227184637,0.814405429377198,0.438914627120488,0.571866240325932,-6.16513086973081,"argS","gene:SMU_2098"
"1587",-0.157574284616466,8.87178205302674,-0.808549436676506,0.44208776413173,0.573841551731515,-6.16767788374395,"opuCa","gene:SMU_2116"
"1588",-0.136022329714441,10.9029416545483,-0.493676455315155,0.634764132508502,0.736266686325264,-6.16889607529266,"pfk","gene:SMU_1191"
"1596",-0.135364043823124,5.35255336147784,-0.667856561635119,0.522968314021118,0.642876313746832,-6.17276833604746,"radC","gene:SMU_1055"
"1603",0.148781145176228,8.14882694020995,0.822325740400849,0.434647865520682,0.567920687862455,-6.17978219385703,"rnh3","gene:SMU_1873"
"1609",0.133644749150156,8.94006100083345,0.786780653721428,0.454020594651534,0.584333094094897,-6.18606928841117,"ilvH","gene:SMU_232"
"1610",0.136933775907522,8.62453225099964,0.802953795479599,0.445134460292157,0.576279717950411,-6.18836720416922,"lepA","gene:SMU_1394"
"1611",-0.246995135997233,9.19597029188731,-0.749676246137319,0.474855317723484,0.600955446997071,-6.18996489147303,"gltA","gene:SMU_365"
"1614",0.123970858138099,9.87808950327721,0.657041409021066,0.529546894180165,0.648464355865977,-6.19125518194642,"accD","gene:SMU_1735"
"1617",-0.361542217542524,6.20720161600792,-0.720546854633117,0.49164541564825,0.616326966550148,-6.19680482836955,"mutR","gene:SMU_110"
"1620",0.145919198713811,7.02862512306212,0.77150794080727,0.462521109953274,0.590267884823938,-6.20337055398096,"hemZ","gene:SMU_2063"
"1621",-0.316948219233141,5.60383813468879,-0.650000112729342,0.533856872491264,0.65260198849149,-6.20355861615442,"psaR","gene:SMU_1926"
"1622",-0.170370073827067,8.40299228678878,-0.783064753116709,0.456079058634849,0.585454770778502,-6.20537389341575,"akh","gene:SMU_1748"
"1624",0.135161303441569,5.80489723089583,0.673265199209787,0.519697273274598,0.639652351946838,-6.20626253525531,"pheA","gene:SMU_786"
"1626",0.11821520100114,4.65252174683598,0.512609515531343,0.62203524576314,0.726628502007505,-6.21165272635428,"trpF","gene:SMU_536"
"1628",0.249348187678466,8.37122606525965,0.779132533720592,0.458264180037894,0.587495274343577,-6.214645081959,"purM","gene:SMU_34"
"1633",0.11627746204451,10.0354250015617,0.581109720287325,0.577122096355314,0.690935616571016,-6.22074374881065,"pbp2b","gene:SMU_597"
"1634",-0.155686265686793,9.91908912351468,-0.600377406225175,0.564823815456084,0.678682940252651,-6.22088336469722,"alsS","gene:SMU_1452"
"1635",-0.132560073021379,8.04689542093205,-0.763897225975113,0.466796517699638,0.593621054546203,-6.22508025110263,"oppB","gene:SMU_256"
"1651",0.088273512069776,4.56826417487759,0.441440390769549,0.670549143540967,0.768288885137241,-6.24100144411535,"metE","gene:SMU_873"
"1653",-0.18354461616538,5.66626022325841,-0.596466183544295,0.567308066228965,0.681253082574405,-6.24401220694248,"phoU","gene:SMU_1133"
"1654",0.471652942316153,8.36952727111661,0.742434524464775,0.478994008686639,0.604641829263429,-6.24483111003968,"bacA1","gene:SMU_1342"
"1656",-0.0479082774002482,11.2444903143916,-0.190275260145663,0.853819627085243,0.894153993757529,-6.24590409760458,"pykF","gene:SMU_1190"
"1657",0.0922969585043383,10.7959087549618,0.343580872005197,0.739991721011285,0.819766235572861,-6.24625983801567,"ropA","gene:SMU_91"
"1660",0.0676864662511019,11.1061552575437,0.225229633358741,0.827431531783064,0.878410807722754,-6.25079388996674,"glnA","gene:SMU_364"
"1665",-0.122827328874223,8.67593402484125,-0.702117431786976,0.502462789416927,0.62664923104905,-6.26010048110021,"purR","gene:SMU_356"
"1669",0.144017145185545,10.4018147249613,0.41745449191572,0.687293188624499,0.78112296149547,-6.2616929224613,"secY","gene:SMU_2006"
"1670",0.0345343154969662,3.43868912735161,0.127676548746713,0.901547085517489,0.928852428055355,-6.26232680705574,"comYB","gene:SMU_1985"
"1672",-0.132449334843198,8.33323115587586,-0.708604187861891,0.498638207573145,0.622666571861908,-6.26439054777791,"pepC","gene:SMU_466"
"1673",-0.0412206707426392,11.1246065273699,-0.147396780760153,0.886455593586792,0.917135231330226,-6.26506273090655,"htrA","gene:SMU_2164"
"1686",-0.11756280750193,7.32924002332969,-0.67675290109137,0.517594686450898,0.638258947729764,-6.28120751940004,"rnc","gene:SMU_1514"
"1691",-0.111336523069692,9.183695939599,-0.611254150936897,0.557948378350931,0.672807901617675,-6.2913271809837,"murI","gene:SMU_1718"
"1692",-0.104592502305515,9.00034487049263,-0.632086894559485,0.544916551149464,0.66242782219217,-6.29163875415885,"ffh","gene:SMU_1060"
"1693",0.226565026433775,8.41572685752385,0.67432782500741,0.519056103558474,0.639261980225262,-6.29228713454061,"gcrR","gene:SMU_1924"
"1696",-0.106103350137102,5.07708907340378,-0.414228227864186,0.68955971230996,0.78279707272011,-6.29457350473222,"adh","gene:SMU_119"
"1699",0.11062789264502,10.5530067033894,0.278568482143619,0.787620988791793,0.853933974414896,-6.29538868418507,"naoX","gene:SMU_1117"
"1700",0.0782571240340104,4.56782928828943,0.305086727514617,0.768064722096814,0.838208003552306,-6.29547029344605,"lacD2","gene:SMU_116"
"1702",0.0614278564961239,10.7110331346029,0.202626955329034,0.844470665988403,0.889773667314273,-6.29722010334193,"rs6","gene:SMU_1860"
"1704",0.107326210069276,9.11982873475705,0.612821577802936,0.556961596758218,0.672807901617675,-6.29911007195479,"mutS2","gene:SMU_1870"
"1710",0.0851788720668454,5.42510246049008,0.446878426999206,0.666779599187296,0.764413799649352,-6.30895074216744,"bacA","gene:SMU_244"
"1713",-0.0428831846997779,4.21695276180936,-0.109835432903322,0.91523749955947,0.93795638255557,-6.31338521233771,"comYA","gene:SMU_1987"
"1715",0.191362729299831,8.23179894528921,0.642363033779883,0.538555409498141,0.657124194767985,-6.3158200863976,"furR","gene:SMU_593"
"1716",0.129527573639757,10.3144154812887,0.297126430723347,0.773917375168041,0.843146869799307,-6.31870722139111,"purL","gene:SMU_30"
"1719",0.160102376934978,8.36158009160312,0.632153127364512,0.544875409090313,0.66242782219217,-6.32124558694036,"lepB","gene:SMU_1188"
"1720",-0.107807850277085,9.3588431611376,-0.533123736818028,0.608394471156519,0.715352974726944,-6.32265536385652,"rgpF","gene:SMU_830"
"1727",0.142861875010142,9.07729262159275,0.574361238985406,0.581465045729962,0.693615010248004,-6.32692436595751,"rpoZ","gene:SMU_479"
"1729",0.127761175266116,9.0251515976891,0.576813351697113,0.579884887611248,0.69340174742848,-6.32909785009084,"glnP","gene:SMU_1522"
"1730",0.375510447011647,8.73525198849742,0.606992702241678,0.560636329788483,0.674061839532406,-6.32924256331181,"bacD","gene:SMU_1339"
"1731",-0.126926685940095,8.27198324485265,-0.615640156480851,0.555189707731471,0.671194419947421,-6.32947636613611,"thrC","gene:SMU_70"
"1734",0.02032547680483,10.5744205804923,0.0822250095837525,0.936482120671551,0.954872984023241,-6.3315755896678,"rs18","gene:SMU_1858"
"1736",0.141023845040089,7.14231774989338,0.595222194433196,0.568099508773711,0.681788522390834,-6.3323175011982,"argR","gene:SMU_2093"
"1739",-0.147220789448078,7.28981079153662,-0.594223988577983,0.568735037381422,0.682136309272671,-6.33455069381287,"hisD","gene:SMU_1270"
"1741",0.098473763568049,7.98793931888643,0.609390344808469,0.559123069868716,0.672807901617675,-6.33669446561572,"pepA","gene:SMU_1973"
"1742",0.0739602078932782,4.86234253331782,0.242751651534272,0.814288523038732,0.869838254442566,-6.3376703981617,"sloC","gene:SMU_184"
"1743",0.0381991960132204,10.3266059917877,0.191848708871099,0.852627287706346,0.894153993757529,-6.34487101261346,"ftsZ","gene:SMU_552"
"1745",-0.094913595460369,7.29521847676973,-0.572712903389859,0.582528596945352,0.693615010248004,-6.34855465913464,"potB","gene:SMU_974"
"1750",-0.151610071398232,6.99071687558924,-0.540610647620862,0.60345602377783,0.711666906702725,-6.35660839124839,"gltB","gene:SMU_366"
"1752",0.153301293214927,8.8696102335057,0.543997312299456,0.601229241062027,0.709889462965517,-6.35868170920134,"scnR","gene:SMU_1815"
"1753",-0.124986657348054,7.50941082076216,-0.564720562316218,0.587700831442621,0.697653690414858,-6.35886709736744,"nifU","gene:SMU_250"
"1757",0.319538959682488,9.02547621134721,0.525199813934597,0.61364454383825,0.718528596434936,-6.36147835714619,"pdhB","gene:SMU_1422"
"1759",0.0961088904070113,8.36415750901852,0.564201606455403,0.588037550511864,0.697653690414858,-6.36329530592283,"opuCb","gene:SMU_2117"
"1761",-0.0713014408008537,10.2259185235091,-0.149850536044609,0.884581090546519,0.916156688529282,-6.36477492923254,"adhA","gene:SMU_127"
"1766",-0.187923830023951,8.5255693132138,-0.544311510065414,0.601022876404207,0.709889462965517,-6.36719316796481,"hprT","gene:SMU_14"
"1770",-0.0487347017318669,10.0335634946024,-0.223132361636112,0.829008640044459,0.878428596566981,-6.37349280017631,"eftS","gene:SMU_2031"
"1772",0.0725445133014224,5.60415014130086,0.324672479036957,0.753732598874837,0.828014709120297,-6.37418782076652,"pflC","gene:SMU_490"
"1773",0.118950725267403,5.62575907052707,0.329217470071311,0.750420963790919,0.825295742229366,-6.37450044792546,"trpB","gene:SMU_537"
"1777",0.100423140147857,9.31301429337593,0.438465637706875,0.672615401765651,0.769511071446636,-6.37973497262665,"hisS","gene:SMU_2102"
"1785",0.0871920334140253,8.06831048702803,0.526059816440503,0.613073584891961,0.718528596434936,-6.38680464687551,"folP","gene:SMU_969"
"1787",0.0935772311338692,9.99516521094663,0.17580886282348,0.864800407467162,0.903020371393629,-6.38998567647913,"pdhC","gene:SMU_1421"
"1790",0.035321027134751,10.042795267451,0.0856342682046261,0.933855591668821,0.953180073648517,-6.39627659109997,"tpx","gene:SMU_924"
"1792",-0.0544499899457023,9.6864802042063,-0.283273584261224,0.784138959437696,0.851930708684237,-6.39850020232103,"glmU","gene:SMU_1635"
"1793",-0.0811322834492127,8.15254472080136,-0.501134074703675,0.629734533635208,0.732916736654053,-6.39881041622811,"cpsY","gene:SMU_1225"
"1799",0.0805695415967218,8.83233461357702,0.460379656158755,0.65746439176512,0.755930795426912,-6.40441980677776,"ftsY","gene:SMU_744"
"1801",-0.067036763384932,9.185535781647,-0.395685962047355,0.702650170423036,0.793448190610535,-6.40729773274626,"dapA","gene:SMU_990"
"1803",-0.134886082030423,8.10625445715586,-0.482675383590896,0.64222043277584,0.743603822691744,-6.40828111446588,"punA","gene:SMU_1229"
"1809",-0.0846522783073329,5.84473346591747,-0.253505925287566,0.806252471328424,0.864060904905476,-6.4141297683321,"rgg","gene:SMU_1509"
"1810",0.0835324446864529,8.63309776088841,0.458184937504571,0.658974375156055,0.757225650659812,-6.41431365908116,"yfbQ","gene:SMU_1826"
"1811",0.0573465225545586,9.49326744977613,0.304980240468502,0.768142911286344,0.838208003552306,-6.41461143827262,"asd","gene:SMU_989"
"1812",0.0494472803793879,9.7920729170572,0.174901947918864,0.865489874457857,0.903020371393629,-6.41463038674476,"relA","gene:SMU_2044"
"1813",0.0887272027871786,7.8053058561222,0.470096284527872,0.650799426875408,0.749578090615983,-6.41541424938596,"leuB","gene:SMU_1383"
"1817",0.0395412539647655,9.68570276970668,0.211374945401777,0.837865065066652,0.884487840222849,-6.41939343668231,"aroG","gene:SMU_1836"
"1820",-0.00090532329464299,5.49913875736847,-0.00390044363996398,0.996983142640703,0.996983142640703,-6.42265689163531,"tnr5","gene:SMU_1032"
"1824",0.0651065500340664,9.4791857610606,0.271340469138156,0.79297999175821,0.856549964858634,-6.42689928104952,"glk","gene:SMU_542"
"1825",-0.0814883927620436,7.01442089044227,-0.404699486133165,0.696273279412597,0.788150992702842,-6.42697575171405,"hisC","gene:SMU_1273"
"1827",0.0978668203407729,8.48382194442799,0.433344806900455,0.676179251909672,0.77195862257987,-6.43080327472557,"deoD","gene:SMU_1227"
"1828",0.219004050339739,8.30779878786594,0.440671890464384,0.671082657889851,0.768453908309156,-6.43133667045562,"bacA2","gene:SMU_1340"
"1829",-0.0689882340861852,6.95933334511995,-0.38981263275415,0.706818990372726,0.796432820105875,-6.43149007217074,"cobQ","gene:SMU_1430"
"1833",-0.077500662912394,7.09583200635612,-0.391478659470335,0.705635387097842,0.795734198858845,-6.43558180502532,"nadE","gene:SMU_465"
"1834",-0.0580557786909797,6.15503903261896,-0.256437228882882,0.804066269413379,0.863124455686941,-6.43590508662991,"hisG","gene:SMU_1271"
"1835",0.0533740716353854,9.19447387297162,0.324824134537856,0.753622009601882,0.828014709120297,-6.4361418269745,"purA","gene:SMU_268"
"1837",-0.0146020560842359,9.70465624500022,-0.0633699039446955,0.951022309037739,0.964217377045971,-6.43875491113013,"alr","gene:SMU_1834"
"1838",-0.0275024829905988,9.66641352494443,-0.10413421375178,0.919618929717629,0.940595203905072,-6.43895490351389,"guaB","gene:SMU_2157"
"1843",0.0189928096734135,9.65573093725499,0.104187412867863,0.919578032040634,0.940595203905072,-6.44091259037901,"ftsA","gene:SMU_551"
"1848",-0.0754723379057189,7.01917249937007,-0.355867417523716,0.731115547162439,0.814966652288978,-6.44727210804881,"hisZ","gene:SMU_1272"
"1851",-0.0995188273448981,6.78030562735204,-0.323650977501808,0.75447764917394,0.82832558970257,-6.44958750788213,"add","gene:SMU_1295"
"1853",-0.0878984518945334,8.13756732665906,-0.391252983306926,0.705795665485544,0.795734198858845,-6.45145225709701,"metK","gene:SMU_1573"
"1858",0.0739480016683736,8.94046079947766,0.322299296277531,0.755463942170274,0.82832558970257,-6.45642833283966,"thdF","gene:SMU_1235"
"1863",0.0412797849782205,6.1894527956845,0.169616762662622,0.86951026710193,0.90625660696889,-6.45930280546095,"gidB","gene:SMU_1931"
"1869",-0.0407073198440084,6.45327013946942,-0.217110472689162,0.833541546255129,0.881810976279555,-6.46512276688811,"ccdA","gene:SMU_1170"
"1876",-0.0687748650888533,7.76342140439487,-0.349059852902521,0.736028322043823,0.81675133824098,-6.46827815693948,"potA","gene:SMU_973"
"1877",0.0185026013883398,9.40073633505432,0.0985421648802595,0.923919301703568,0.944504032259658,-6.46880551471761,"guaA","gene:SMU_1066"
"1885",0.0879561107572062,8.32702597678729,0.337168986379691,0.744640470973059,0.822146418147647,-6.47339631893351,"trkB","gene:SMU_1561"
"1888",0.0590159510106494,6.82247877384608,0.244703190241594,0.812828480200477,0.86921983275639,-6.47700072597463,"recO","gene:SMU_25"
"1892",-0.00879672437456236,9.31295502445989,-0.0489126218477984,0.96218463917517,0.970726721044878,-6.48098745142321,"covR","gene:SMU_1517"
"1894",-0.0430743931261599,8.95275909746445,-0.228441613367148,0.825017800167009,0.877025926578399,-6.48156641945092,"pyrH","gene:SMU_1625"
"1897",0.0560019548873463,8.20136481124701,0.306889821273273,0.766741211721776,0.837641423436913,-6.48446752443575,"serC","gene:SMU_1656"
"1898",0.0703144851397344,8.44152237712593,0.296533626315381,0.774353844418554,0.843156807416008,-6.48538733584237,"sunL","gene:SMU_482"
"1899",-0.0052237930569845,9.26658326181072,-0.0165590148275938,0.987192800257333,0.991211905805454,-6.48605495958273,"rs20","gene:SMU_1127"
"1907",-0.010212658538026,6.49430592413578,-0.055068186678631,0.957430748883053,0.968226995154415,-6.49165556132628,"miaA","gene:SMU_1477"
"1910",-0.036139402457481,8.83809602871787,-0.209180285589457,0.839520989535688,0.885288568869007,-6.49323791379007,"opuCc","gene:SMU_2118"
"1913",-0.0684729154292718,8.37689325882583,-0.261855784527353,0.800029883047263,0.86179467166416,-6.49518218153111,"pepV","gene:SMU_1239"
"1914",-0.0304812615443435,8.90149058197492,-0.178007793944305,0.86312921908365,0.901988320578412,-6.49630666985597,"asnS","gene:SMU_1311"
"1917",0.0486046806017093,7.79004172146402,0.261439543276672,0.800339724417106,0.86179467166416,-6.49782431360897,"ftsQ","gene:SMU_550"
"1918",-0.00679413399538387,6.59755078051039,-0.0268073641917456,0.979268170540118,0.985353913729466,-6.49841843047832,"serB","gene:SMU_1269"
"1919",0.0468378180079583,8.19883380745113,0.261031494628662,0.800643503882618,0.86179467166416,-6.49857996787293,"glmS","gene:SMU_1187"
"1921",-0.0367991677855581,8.78573623837118,-0.188923984783001,0.854843925491061,0.894751758617434,-6.50030725180534,"epsC","gene:SMU_1437"
"1928",-0.0414456269854107,8.5001834587084,-0.215368917952006,0.834853724889589,0.882652941791924,-6.5050648922724,"dnaI","gene:SMU_1921"
"1934",0.0644908348932258,8.14936500022398,0.21760275197176,0.833170737598684,0.881810976279555,-6.51036461435683,"trk","gene:SMU_1562"
"1935",-0.0602328220258226,8.16642346140459,-0.210303657160388,0.83867327144391,0.884867574630393,-6.51077867881836,"satD","gene:SMU_1058"
"1936",0.0244185183578489,7.13457206011407,0.140206056184567,0.891953155299203,0.922339400107614,-6.51078048084323,"ctsR","gene:SMU_2030"
"1942",-0.0338322805819029,8.37773233958402,-0.167542666176638,0.871089124286691,0.906465634081034,-6.51773247199619,"pfs","gene:SMU_1632"
"1943",0.00471124889344043,7.04571051701942,0.0209235390803276,0.983817652751365,0.989333449989013,-6.51802145962544,"cnhA","gene:SMU_1937"
"1944",-0.0307426560904585,8.29605523900072,-0.164671621052382,0.873275653202395,0.907622179609607,-6.51939446328105,"hexB","gene:SMU_2089"
"1945",-0.0269698503173341,7.46215185179262,-0.13955331164231,0.892452514126226,0.922372346972784,-6.5198109588239,"ruvA","gene:SMU_2088"
"1949",-0.0611482593602357,7.54535314166227,-0.132366272479589,0.897954024191631,0.926692055277452,-6.52238859220645,"adk","gene:SMU_2005"
"1950",0.0185037643530226,8.57378876377345,0.109699572929997,0.915341873781378,0.93795638255557,-6.52278074836238,"oppD","gene:SMU_258"
"1951",0.0113945930275499,8.71811350716991,0.0440252350712854,0.965960282507707,0.97336038681701,-6.52303959272033,"deoB","gene:SMU_1233"
"1953",-0.0253842813102185,7.68998593997442,-0.128405298955298,0.900988588261533,0.928762008693837,-6.52522892454938,"cysS","gene:SMU_158"
"1955",0.0108048095375288,8.60748574461169,0.064012996108264,0.950526031297038,0.964209696529077,-6.52593300519776,"pncA","gene:SMU_1823"
"1958",0.020816942904526,7.90743600958981,0.105658825709855,0.918446961081066,0.940371486358559,-6.52981639551391,"mecA","gene:SMU_245"
"1960",-0.0187474406549555,7.92194485619826,-0.0826050783338673,0.936189270068853,0.954872984023241,-6.53215785597653,"fabH","gene:SMU_1744"
"1962",-0.0118316319087111,8.20076117394983,-0.0716629088174612,0.94462437700399,0.961188187637376,-6.53253276062409,"leuA","gene:SMU_1384"
"1965",-0.00763757615655436,7.67866430562576,-0.0486821946230569,0.962362628668921,0.970726721044878,-6.53287863302835,"pbp2a","gene:SMU_1949"
"1966",0.0143097870138034,7.89112601076344,0.0676283792325337,0.947736454382963,0.963857744586385,-6.53337039962373,"folD","gene:SMU_572"
"1967",0.0119244613616178,8.24010102644753,0.057861897383864,0.955273775356287,0.967037023487919,-6.53344177948277,"serA","gene:SMU_1653"
"1968",-0.0105599054255308,8.1541405421107,-0.0593672605908555,0.954111672932723,0.966356432595618,-6.53372168991326,"uvrC","gene:SMU_1241"
"1970",0.00271271286610641,8.17903246968952,0.0106644171125183,0.991751596964562,0.99275794054342,-6.53557239803536,"dnaA","gene:SMU_01"
"1973",-0.00213499340869205,8.10590852385639,-0.0136128853237743,0.989471242828498,0.991481341848972,-6.53578584084089,"metA","gene:SMU_1466"
